class,order,family,genus,sci_name,papers,status,min_depth,max_depth,year,size_type,size,range_km2,Species Name(RotW),page,chr,achr,NMDS1,NMDS2,NMDS3,uniqueness,sum_GDP_bil,pattern,shape
Chondrichthyes,RHINOPRISTIFORMES,RHINOBATIDAE,Acroteriobatus,Acroteriobatus annulatus,22,VU,0,75,1841,TL,140,31057,Acroteriobatus annulatus,15,2.713483899,5.742009098,14.4101001,-1.007464889,-2.218871626,14.61469677,397.8645233,Spotted,Wedge
Chondrichthyes,RHINOPRISTIFORMES,RHINOBATIDAE,Acroteriobatus,Acroteriobatus blochii,1,LC,0,50,1841,TL,96,892,Acroteriobatus blochii,16,1.183450954,2.360351736,10.56773498,1.25415038,0.702001642,10.6650233,474.4349449,Spotted,Wedge
Chondrichthyes,RHINOPRISTIFORMES,RHINOBATIDAE,Acroteriobatus,Acroteriobatus leucospilus,1,EN,0,100,1926,TL,120,162155,Acroteriobatus leucospilus,17,2.789437462,2.538216687,16.97396169,-1.493012861,-6.935743248,18.39698337,478.7099145,Spotted,Wedge
Chondrichthyes,RHINOPRISTIFORMES,RHINOBATIDAE,Acroteriobatus,Acroteriobatus ocellatus,1,DD,60,185,1926,TL,81,48915,Acroteriobatus ocellatus,18,2.36211502,7.328139432,5.615050297,-3.620947656,1.275655762,6.802010687,401.2298307,Spotted,Wedge
Chondrichthyes,RHINOPRISTIFORMES,RHINOBATIDAE,Acroteriobatus,Acroteriobatus omanensis,1,DD,0,100,2016,TL,60,180699,Acroteriobatus omanensis,19,1.55905621,4.996715783,12.96751569,4.058132709,-1.912343212,13.7215874,87.6923277,Spotted,Wedge
Chondrichthyes,RHINOPRISTIFORMES,RHINOBATIDAE,Acroteriobatus,Acroteriobatus salalah,2,NT,10,100,1995,TL,78,259497,Acroteriobatus salalah,20,0.402881838,1.716752167,15.98848786,8.024071698,-2.028461359,18.0036698,426.237861,Spotted,Wedge
Chondrichthyes,RHINOPRISTIFORMES,RHINOBATIDAE,Acroteriobatus,Acroteriobatus variegatus,2,CR,0,366,1973,TL,75,397659,Acroteriobatus variegatus,21,4.831043696,3.46568159,16.60150397,3.358616107,-0.990680684,16.9667818,2857.546404,Mottled,Wedge
Chondrichthyes,RHINOPRISTIFORMES,RHINOBATIDAE,Acroteriobatus,Acroteriobatus zanzibarensis,0,NT,NA,NA,1926,TL,NA,5864,Acroteriobatus zanzibarensis,22,1.5906493,3.25910446,19.66622926,6.603547864,-0.46205603,20.7504437,63.54773486,Spotted,Wedge
Chondrichthyes,MYLIOBATIFORMES,AETOBATIDAE,Aetobatus,Aetobatus flagellum,10,EN,0,40,1801,DW,90,1059389,Aetobatus flagellum,612,2.665987601,2.430526025,6.421114721,-16.2091951,4.266251676,17.94908419,7412.62776,None,Diamond
Chondrichthyes,MYLIOBATIFORMES,AETOBATIDAE,Aetobatus,Aetobatus laticeps,5,VU,NA,NA,1865,DW,230,129590,Aetobatus laticeps,613,1.180616752,9.022408136,-15.8739557,2.191249222,-3.367816966,16.37456057,1980.993595,Spotted,Diamond
Chondrichthyes,MYLIOBATIFORMES,AETOBATIDAE,Aetobatus,Aetobatus narinari,97,EN,0,60,1790,DW,226,1548644,Aetobatus narinari,614,0.746898483,4.006582793,-4.242233697,3.911606421,-5.93322376,8.276494169,33443.31158,Spotted,Diamond
Chondrichthyes,MYLIOBATIFORMES,AETOBATIDAE,Aetobatus,Aetobatus narutobiei,3,VU,0,60,2013,DW,150,727292,Aetobatus narutobiei,615,0.521066558,0.950675408,-6.063775974,-4.8445907,-8.602848647,11.58656303,21737.46157,None,Diamond
Chondrichthyes,MYLIOBATIFORMES,AETOBATIDAE,Aetobatus,Aetobatus ocellatus,19,EN,0,40,1823,DW,330,2901301,Aetobatus ocellatus,616,0.315152808,3.950485645,-8.545271542,1.006229478,-6.99464786,11.08869975,60754.56142,Spotted,Diamond
Chondrichthyes,MYLIOBATIFORMES,MYLIOBATIDAE,Aetomylaeus,Aetomylaeus asperrimus,4,DD,1,50,1898,DW,79,14438,Aetomylaeus asperrimus,594,1.170841695,2.382937273,2.707873479,-3.364186477,-4.478470924,6.221497508,238.1043671,Lined,Diamond
Chondrichthyes,MYLIOBATIFORMES,MYLIOBATIDAE,Aetomylaeus,Aetomylaeus bovinus,34,CR,0,150,1817,DW,222,1066267,Aetomylaeus bovinus,595,5.65135242,5.288127186,1.257758712,-4.681053301,-6.993645758,8.509130271,10254.99685,Lined,Diamond
Chondrichthyes,MYLIOBATIFORMES,MYLIOBATIDAE,Aetomylaeus,Aetomylaeus caeruleofasciatus,1,LC,8,117,2015,DW,59,1596138,Aetomylaeus caeruleofasciatus,596,3.179353462,3.283472997,-4.849164629,-1.155184215,-3.379216677,6.022288063,1434.696641,Lined,Diamond
Chondrichthyes,MYLIOBATIFORMES,MYLIOBATIDAE,Aetomylaeus,Aetomylaeus maculatus,7,EN,0,60,1834,DW,100,866543,Aetomylaeus maculatus,597,4.201148284,4.690946732,-3.954822292,-16.81365639,-8.431408535,19.22051795,20785.78611,Spotted,Diamond
Chondrichthyes,MYLIOBATIFORMES,MYLIOBATIDAE,Aetomylaeus,Aetomylaeus milvus,0,EN,0,90,1841,DW,123,666403,Aetomylaeus milvus,598,3.679073923,5.293399575,2.034748495,-10.03282849,-4.903964914,11.35106695,2292.058366,Spotted,Diamond
Chondrichthyes,MYLIOBATIFORMES,MYLIOBATIDAE,Aetomylaeus,Aetomylaeus nichofii,7,VU,5,115,1801,DW,72,8522561,Aetomylaeus nichofii,599,2.237221717,3.361890879,-1.797384755,-3.795406707,-5.512292513,6.92972386,28221.16049,Lined,Diamond
Chondrichthyes,MYLIOBATIFORMES,MYLIOBATIDAE,Aetomylaeus,Aetomylaeus vespertilio,9,CR,0,110,1852,DW,240,4260217,Aetomylaeus vespertilio,600,1.202304663,7.832999315,-18.49966349,1.095718598,-7.004485464,19.81163711,24657.79961,Lined,Diamond
Chondrichthyes,RAJIFORMES,RAJIDAE,Amblyraja,Amblyraja badia,0,LC,846,2324,1899,TL,NA,4125714,NA,NA,NA,NA,NA,NA,NA,NA,24734.4571,NA,NA
Chondrichthyes,RAJIFORMES,RAJIDAE,Amblyraja,Amblyraja doellojuradoi,14,LC,50,1000,1935,TL,69,905591,Amblyraja doellojuradoi,125,2.878705997,8.076524736,-12.07331069,-3.307824741,9.038937899,15.44049655,3826.452014,Spotted,Rhombus
Chondrichthyes,RAJIFORMES,RAJIDAE,Amblyraja,Amblyraja frerichsi,5,VU,600,2610,1968,TL,176.2,157383,Amblyraja frerichsi,126,0.730864218,3.380637024,0.23950252,6.891096573,0.766334353,6.937711566,5721.563065,Spotted,Rhombus
Chondrichthyes,RAJIFORMES,RAJIDAE,Amblyraja,Amblyraja georgiana,10,DD,20,1255,1938,TL,115,1654511,Amblyraja georgiana,127,1.380548407,6.54275295,-16.96863857,3.186655118,0.435297273,17.27075417,6515.022776,Other,Rhombus
Chondrichthyes,RAJIFORMES,RAJIDAE,Amblyraja,Amblyraja hyperborea,20,LC,260,2500,1879,TL,107,10351825,Amblyraja hyperborea,128,0.76389909,5.854686627,2.282989389,10.47758279,-6.555041588,12.56822788,7657.546536,Mottled,Rhombus
Chondrichthyes,RAJIFORMES,RAJIDAE,Amblyraja,Amblyraja jenseni,1,LC,165,2550,1950,TL,122,3205101,Amblyraja jenseni,129,0.687720348,4.183459999,0.705041553,2.398344797,0.253465447,2.512645237,23603.41086,Other,Rhombus
Chondrichthyes,RAJIFORMES,RAJIDAE,Amblyraja,Amblyraja radiata,122,VU,0,1400,1808,TL,111,4689434,Amblyraja radiata,130,1.287372476,5.559609127,3.974827474,-2.508747456,4.091665711,6.231757018,37765.41104,Spotted,Rhombus
Chondrichthyes,RAJIFORMES,RAJIDAE,Amblyraja,Amblyraja reversa,0,DD,1500,1500,1906,TL,60,7958,Amblyraja reversa,131,0.110920469,1.805897011,22.55121507,25.80030383,-0.067589946,34.26685786,338.5455333,None,Spade
Chondrichthyes,RAJIFORMES,RAJIDAE,Amblyraja,Amblyraja robertsi,0,LC,1150,1350,1970,TL,NA,4561,NA,NA,NA,NA,NA,NA,NA,NA,385.3894234,NA,NA
Chondrichthyes,RAJIFORMES,RAJIDAE,Amblyraja,Amblyraja taaf,2,DD,150,1810,1987,TL,113,488,Amblyraja taaf,132,0.294157404,2.097696337,-15.93836835,5.206748575,1.514451892,16.83553922,4547.840779,Mottled,Rhombus
Chondrichthyes,RAJIFORMES,ANACANTHOBATIDAE,Anacanthobatis,Anacanthobatis marmorata,0,NT,200,435,1923,TL,29,7347,Anacanthobatis marmorata,402,1.731733012,9.386956839,-18.09308767,-5.66969655,0.195219227,18.96162944,401.2298307,Other,Spade
Chondrichthyes,RHINOPRISTIFORMES,PRISTIDAE,Anoxypristis,Anoxypristis cuspidata,34,CR,0,128,1794,TL,350,5159853,Anoxypristis cuspidata,0,0.733653085,6.022841162,-0.385299923,7.964524112,0.21779301,7.976812281,23822.78392,None,Wedge
Chondrichthyes,RHINOPRISTIFORMES,TRYGONORRHINIDAE,Aptychotrema,Aptychotrema rostrata,20,LC,0,220,1794,TL,120,329018,Aptychotrema rostrata,52,1.317454931,4.718350907,12.11450062,4.016461003,0.823082545,12.78947024,1410.266438,Mottled,Wedge
Chondrichthyes,RHINOPRISTIFORMES,TRYGONORRHINIDAE,Aptychotrema,Aptychotrema timorensis,0,VU,124,124,2004,TL,58,3306,Aptychotrema timorensis,53,0.736672906,3.826787759,11.90030411,6.841370081,-1.818440281,13.84659913,1410.266438,Spotted,Wedge
Chondrichthyes,RHINOPRISTIFORMES,TRYGONORRHINIDAE,Aptychotrema,Aptychotrema vincentiana,6,LC,0,125,1885,TL,100,751321,Aptychotrema vincentiana,54,0.939023985,5.287837012,11.51307562,1.781154914,-1.313923684,11.72389946,1410.266438,Mottled,Wedge
Chondrichthyes,RAJIFORMES,ARHYNCHOBATIDAE,Arctoraja,Arctoraja sexoculata,2,DD,150,150,2020,TL,81,NA,NA,NA,NA,NA,NA,NA,NA,NA,NA,NA,NA
Chondrichthyes,RAJIFORMES,ARHYNCHOBATIDAE,Arhynchobatis,Arhynchobatis asperrimus,1,DD,1095,1095,1909,TL,75,128939,Arhynchobatis asperrimus,279,1.278291964,6.206987437,-18.22983403,-1.575317832,0.760486837,18.31356916,213.0179479,None,Spade
Chondrichthyes,RAJIFORMES,ARHYNCHOBATIDAE,Atlantoraja,Atlantoraja castelnaui,29,CR,0,300,1907,TL,147,702976,Atlantoraja castelnaui,280,1.250147685,15.09415682,-2.462463156,-3.421404661,7.307357003,8.436065494,2534.86601,Spotted,Rhombus
Chondrichthyes,RAJIFORMES,ARHYNCHOBATIDAE,Atlantoraja,Atlantoraja cyclophora,14,EN,0,320,1903,TL,74,591710,Atlantoraja cyclophora,281,1.396157482,4.239179475,4.048386523,6.416959502,7.869444819,10.93137523,2534.86601,Spotted,Rhombus
Chondrichthyes,RAJIFORMES,ARHYNCHOBATIDAE,Atlantoraja,Atlantoraja platana,11,EN,0,320,1880,TL,91,777764,Atlantoraja platana,282,1.001311223,5.03034009,-9.550739948,0.237242435,1.572338508,9.682208731,2534.86601,Spotted,Rhombus
Chondrichthyes,RAJIFORMES,ARHYNCHOBATIDAE,Bathyraja,Bathyraja abyssicola,0,LC,360,2910,1896,TL,110,1324073,Bathyraja abyssicola,283,0.172596154,2.088561075,-3.811243619,12.05183539,-0.670376599,12.65787182,31211.58229,None,Rhombus
Chondrichthyes,RAJIFORMES,ARHYNCHOBATIDAE,Bathyraja,Bathyraja aguja,0,LC,605,980,1912,TL,76,NA,Bathyraja aguja,284,0.250639005,1.870187593,-18.8387903,4.451033229,2.454260318,19.51243477,511.534199,Mottled,Spade
Chondrichthyes,RAJIFORMES,ARHYNCHOBATIDAE,Bathyraja,Bathyraja albomaculata,14,VU,55,945,1937,TL,150,1162859,Bathyraja albomaculata,285,0.191043157,3.106680274,-9.506505813,5.050061652,-2.681676144,11.09360908,3826.452014,Spotted,Rhombus
Chondrichthyes,RAJIFORMES,ARHYNCHOBATIDAE,Bathyraja,Bathyraja aleutica,15,LC,15,1600,1896,TL,154,1180908,Bathyraja aleutica,286,0.833219389,5.273486492,-12.37594097,2.214509913,4.091263346,13.22143732,29824.05007,Mottled,Rhombus
Chondrichthyes,RAJIFORMES,ARHYNCHOBATIDAE,Bathyraja,Bathyraja andriashevi,0,LC,1200,2004,1983,TL,120,116649,Bathyraja andriashevi,287,0.052580354,0.39831965,-9.2691028,12.84037581,0.14378109,15.8370512,6642.479386,None,Rhombus
Chondrichthyes,RAJIFORMES,ARHYNCHOBATIDAE,Bathyraja,Bathyraja arctowskii,2,LC,0,1685,1904,TL,NA,467666,NA,NA,NA,NA,NA,NA,NA,NA,0,NA,NA
Chondrichthyes,RAJIFORMES,ARHYNCHOBATIDAE,Bathyraja,Bathyraja bergi,1,LC,78,1800,1983,TL,102,316650,Bathyraja bergi,288,0.778938302,4.033144707,-12.98994065,-0.498865179,0.634940674,13.01501342,21420.77002,Mottled,Rhombus
Chondrichthyes,RAJIFORMES,ARHYNCHOBATIDAE,Bathyraja,Bathyraja brachyurops,16,NT,28,604,1910,TL,125,1080126,Bathyraja brachyurops,289,1.632123878,2.633552745,-18.07989624,-0.083985784,-0.562504289,18.08883945,5721.563065,None,Spade
Chondrichthyes,RAJIFORMES,ARHYNCHOBATIDAE,Bathyraja,Bathyraja cousseauae,5,LC,105,1190,2004,TL,122,517083,Bathyraja cousseauae,290,1.06033917,7.124458323,2.128660774,5.176766278,1.962264688,5.93132266,3762.837858,Mottled,Spade
Chondrichthyes,RAJIFORMES,ARHYNCHOBATIDAE,Bathyraja,Bathyraja diplotaenia,0,LC,100,1000,1952,TL,87.7,86200,Bathyraja diplotaenia,291,3.02391113,4.050666891,3.652545025,2.216278518,7.34755938,8.499388476,4967.257498,None,Rhombus
Chondrichthyes,RAJIFORMES,ARHYNCHOBATIDAE,Bathyraja,Bathyraja eatonii,15,LC,15,1500,1876,TL,126,276492,Bathyraja eatonii,292,1.848395301,8.700836284,-7.211672218,8.369513646,-1.839155813,11.19997629,7062.0771,Other,Rhombus
Chondrichthyes,RAJIFORMES,ARHYNCHOBATIDAE,Bathyraja,Bathyraja fedorovi,1,LC,445,2025,1983,TL,150,773204,Bathyraja fedorovi,293,0.057805358,0.420608237,-6.447159806,3.21011701,0.893393854,7.257332386,6642.479386,None,Rhombus
Chondrichthyes,RAJIFORMES,ARHYNCHOBATIDAE,Bathyraja,Bathyraja griseocauda,8,EN,30,1010,1937,TL,157,1269085,Bathyraja griseocauda,294,1.080663694,4.296723044,-13.65208021,1.654159248,-0.099951478,13.75229171,3826.452014,None,Rhombus
Chondrichthyes,RAJIFORMES,ARHYNCHOBATIDAE,Bathyraja,Bathyraja hesperafricana,0,LC,750,980,1995,TL,87,31740,Bathyraja hesperafricana,295,0.117118297,0.960386923,-9.656799307,6.280540918,0.508426052,11.53071828,787.6002594,None,Rhombus
Chondrichthyes,RAJIFORMES,ARHYNCHOBATIDAE,Bathyraja,Bathyraja interrupta,6,LC,23,1380,1897,TL,89,513290,Bathyraja interrupta,296,0.583479821,4.165295395,-14.22055407,1.268115387,4.285150239,14.90619962,24856.79258,Mottled,Rhombus
Chondrichthyes,RAJIFORMES,ARHYNCHOBATIDAE,Bathyraja,Bathyraja irrasa,1,VU,300,1220,1980,TL,140,39909,Bathyraja irrasa,297,0.510854317,4.048535192,-21.80623745,-0.331163733,2.615723445,21.96505566,4162.451356,None,Rhombus
Chondrichthyes,RAJIFORMES,ARHYNCHOBATIDAE,Bathyraja,Bathyraja ishiharai,0,DD,2300,2300,2005,TL,123,30547,Bathyraja ishiharai,298,1.073263087,4.148003685,6.334891588,3.943423011,0.580503279,7.484545446,1410.266438,None,Rhombus
Chondrichthyes,RAJIFORMES,ARHYNCHOBATIDAE,Bathyraja,Bathyraja isotrachys,0,LC,370,2000,1877,TL,86,1688289,Bathyraja isotrachys,299,0.636092639,5.534441611,-15.8322327,-5.144213541,0.584214572,16.65724563,23072.19295,None,Rhombus
Chondrichthyes,RAJIFORMES,ARHYNCHOBATIDAE,Bathyraja,Bathyraja kincaidii,7,LC,18,1372,1908,TL,64,136329,Bathyraja kincaidii,300,0.200254951,2.014208378,-5.778992552,5.697167765,0.074665888,8.115420535,24461.77388,None,Spade
Chondrichthyes,RAJIFORMES,ARHYNCHOBATIDAE,Bathyraja,Bathyraja leucomelanos,1,LC,953,1022,2012,TL,89.5,7919,Bathyraja leucomelanos,301,0.550059428,10.54586893,1.850856166,21.41344853,-3.177849795,21.72694585,9.465142396,Other,Rhombus
Chondrichthyes,RAJIFORMES,ARHYNCHOBATIDAE,Bathyraja,Bathyraja lindbergi,2,LC,34,1200,1977,TL,102,1246106,Bathyraja lindbergi,302,0.284783574,3.754314509,-16.31047107,11.49255894,1.104475532,19.98324908,28089.52289,None,Spade
Chondrichthyes,RAJIFORMES,ARHYNCHOBATIDAE,Bathyraja,Bathyraja longicauda,0,LC,580,735,1959,TL,23.5,NA,Bathyraja longicauda,303,1.008510374,2.738737186,-15.46043884,1.227562234,3.82774552,15.97447069,511.534199,None,Rhombus
Chondrichthyes,RAJIFORMES,ARHYNCHOBATIDAE,Bathyraja,Bathyraja maccaini,4,LC,91,500,1971,TL,120,243893,Bathyraja maccaini,304,1.136437037,7.730257491,-7.772953063,11.31446326,-3.572975002,14.18457009,2752.184918,Other,Spade
Chondrichthyes,RAJIFORMES,ARHYNCHOBATIDAE,Bathyraja,Bathyraja macloviana,10,NT,50,515,1937,TL,71,860175,Bathyraja macloviana,305,0.403619026,2.674892365,-13.67199861,-0.370242587,-1.664005029,13.77786407,3826.452014,None,Spade
Chondrichthyes,RAJIFORMES,ARHYNCHOBATIDAE,Bathyraja,Bathyraja maculata,5,LC,73,1200,1977,TL,147,874045,Bathyraja maculata,306,1.614018392,6.17760938,-15.91369899,7.473857911,4.754439989,18.21288191,28089.52289,Other,Rhombus
Chondrichthyes,RAJIFORMES,ARHYNCHOBATIDAE,Bathyraja,Bathyraja magellanica,7,LC,30,600,1902,TL,105,650795,Bathyraja magellanica,307,0.326706377,5.87319355,-7.898316262,7.765540199,2.811751895,11.42772782,3762.837858,Mottled,Spade
Chondrichthyes,RAJIFORMES,ARHYNCHOBATIDAE,Bathyraja,Bathyraja mariposa,1,LC,90,448,2004,TL,76,119080,Bathyraja mariposa,308,4.141913928,8.579392954,5.395511492,-2.029121976,0.205747193,5.768120332,21447.0435,Other,Spade
Chondrichthyes,RAJIFORMES,ARHYNCHOBATIDAE,Bathyraja,Bathyraja matsubarai,1,LC,120,2000,1952,TL,126,96338,Bathyraja matsubarai,309,0.604602951,3.045486935,-7.825648931,2.085056096,0.905849549,8.149159682,6642.479386,None,Rhombus
Chondrichthyes,RAJIFORMES,ARHYNCHOBATIDAE,Bathyraja,Bathyraja meridionalis,2,LC,65,2240,1987,TL,150,779274,Bathyraja meridionalis,310,1.8211811,4.159475432,-8.151163099,0.250419262,1.396584889,8.27373066,3762.837858,None,Rhombus
Chondrichthyes,RAJIFORMES,ARHYNCHOBATIDAE,Bathyraja,Bathyraja microtrachys,1,LC,1995,2900,1916,TL,70,181954,Bathyraja microtrachys,311,0.30276812,1.710918046,-10.99249463,4.697338178,-1.744016208,12.08062568,21447.0435,None,Rhombus
Chondrichthyes,RAJIFORMES,ARHYNCHOBATIDAE,Bathyraja,Bathyraja minispinosa,2,LC,106,1420,1977,TL,89.5,1152677,Bathyraja minispinosa,312,1.024527629,5.942443784,-1.822881366,14.65557677,-1.832907397,14.88181361,29824.05007,Mottled,Spade
Chondrichthyes,RAJIFORMES,ARHYNCHOBATIDAE,Bathyraja,Bathyraja multispinis,6,NT,70,740,1937,TL,126,1123259,Bathyraja multispinis,313,0.526368566,5.612942692,-15.8096228,-2.282750661,1.268036092,16.02382724,5721.563065,Mottled,Rhombus
Chondrichthyes,RAJIFORMES,ARHYNCHOBATIDAE,Bathyraja,Bathyraja murrayi,0,LC,20,800,1880,TL,60,117879,Bathyraja murrayi,314,1.749748264,9.07065141,12.92844689,2.198652941,0.40274868,13.12025229,4162.451356,None,Rhombus
Chondrichthyes,RAJIFORMES,ARHYNCHOBATIDAE,Bathyraja,Bathyraja pacifica,1,LC,1760,1789,2016,TL,122,31268,Bathyraja pacifica,316,1.090891184,2.849746448,16.33990139,23.69899091,0.142873909,28.78636762,213.0179479,None,Rhombus
Chondrichthyes,RAJIFORMES,ARHYNCHOBATIDAE,Bathyraja,Bathyraja pallida,2,LC,1869,3366,1967,TL,162,4652,Bathyraja pallida,317,0.329529207,3.00829596,8.041662163,13.83899486,-0.215388474,16.00726401,6083.683274,None,Rhombus
Chondrichthyes,RAJIFORMES,ARHYNCHOBATIDAE,Bathyraja,Bathyraja panthera,0,LC,48,396,2011,TL,139,121671,Bathyraja panthera,318,2.141690366,6.856415484,-2.087616211,-3.898197728,-0.72673889,4.48132083,21447.0435,Mottled,Rhombus
Chondrichthyes,RAJIFORMES,ARHYNCHOBATIDAE,Bathyraja,Bathyraja papilionifera,1,LC,637,2000,1985,TL,150,33102,Bathyraja papilionifera,319,0.357729879,1.133857543,4.021731571,2.870876301,1.958242586,5.315164118,3539.380703,None,Rhombus
Chondrichthyes,RAJIFORMES,ARHYNCHOBATIDAE,Bathyraja,Bathyraja parmifera,20,LC,17,392,1881,TL,111,1910663,Bathyraja parmifera,320,0.555634241,3.320213435,-15.00508567,-1.456639745,-0.18565729,15.0767657,23122.26539,Mottled,Rhombus
Chondrichthyes,RAJIFORMES,ARHYNCHOBATIDAE,Bathyraja,Bathyraja peruana,2,LC,605,1207,1984,TL,110,83479,Bathyraja peruana,321,0.208755972,4.60182985,-22.5966979,3.629274919,-0.951277288,22.90605424,618.8632165,None,Rhombus
Chondrichthyes,RAJIFORMES,ARHYNCHOBATIDAE,Bathyraja,Bathyraja richardsoni,8,LC,1219,2992,1961,TL,174,2871620,Bathyraja richardsoni,322,2.222061395,9.086550801,7.782198061,13.3207244,3.114276595,15.73858392,27798.14442,Other,Rhombus
Chondrichthyes,RAJIFORMES,ARHYNCHOBATIDAE,Bathyraja,Bathyraja scaphiops,4,LC,30,925,1937,TL,117,505566,Bathyraja scaphiops,323,0.528556668,5.210976588,-15.44145055,0.255647034,2.136184954,15.59060732,5434.491755,Mottled,Rhombus
Chondrichthyes,RAJIFORMES,ARHYNCHOBATIDAE,Bathyraja,Bathyraja schroederi,2,LC,800,2380,1968,TL,130,65701,Bathyraja schroederi,324,0.387862625,5.128944668,-14.47749236,5.261153839,-2.000664988,15.53319623,5145.422262,None,Rhombus
Chondrichthyes,RAJIFORMES,ARHYNCHOBATIDAE,Bathyraja,Bathyraja shuntovi,0,DD,300,1485,1985,TL,175,909637,Bathyraja shuntovi,325,2.339453489,4.764724496,4.861857058,16.13555017,0.313874802,16.8550334,213.0179479,Mottled,Rhombus
Chondrichthyes,RAJIFORMES,ARHYNCHOBATIDAE,Bathyraja,Bathyraja smirnovi,4,NT,58,1125,1915,TL,116,1226329,Bathyraja smirnovi,327,0.441280426,1.881053137,-8.99675728,-1.915925278,-3.759099824,9.936963456,6642.479386,None,Rhombus
Chondrichthyes,RAJIFORMES,ARHYNCHOBATIDAE,Bathyraja,Bathyraja smithii,1,LC,250,1040,1841,TL,120,115988,Bathyraja smithii,328,0.339805181,2.587794287,-9.325504301,3.059962312,1.36130318,9.90866016,397.8645233,None,Rhombus
Chondrichthyes,RAJIFORMES,ARHYNCHOBATIDAE,Bathyraja,Bathyraja spinicauda,9,NT,140,1650,1914,TL,182,3704446,Bathyraja spinicauda,329,1.627274431,4.419906061,-10.48493299,-0.804967811,5.425981415,11.8331343,26537.03369,None,Rhombus
Chondrichthyes,RAJIFORMES,ARHYNCHOBATIDAE,Bathyraja,Bathyraja spinosissima,2,LC,800,2906,1941,TL,203,736466,Bathyraja spinosissima,330,0.324067389,1.888333488,5.294606209,16.60219385,-2.758797676,17.64303433,25011.42756,None,Rhombus
Chondrichthyes,RAJIFORMES,ARHYNCHOBATIDAE,Bathyraja,Bathyraja taranetzi,7,LC,17,1063,1983,TL,77,530250,Bathyraja taranetzi,331,0.332125594,4.135024777,-12.03914943,3.15562276,-0.010804519,12.44585034,23122.26539,Mottled,Rhombus
Chondrichthyes,RAJIFORMES,ARHYNCHOBATIDAE,Bathyraja,Bathyraja trachouros,0,NT,100,800,1958,TL,102,69826,Bathyraja trachouros,332,0.506104351,3.533835923,-3.933615714,-1.914862646,4.226450828,6.083002395,6642.479386,Other,Spade
Chondrichthyes,RAJIFORMES,ARHYNCHOBATIDAE,Bathyraja,Bathyraja trachura,8,LC,90,2900,1892,TL,91,1874078,Bathyraja trachura,333,0.227802055,4.650372929,-26.15366069,-2.419813344,-0.315548706,26.26726166,31104.25327,None,Rhombus
Chondrichthyes,RAJIFORMES,ARHYNCHOBATIDAE,Bathyraja,Bathyraja tunae,0,LC,1700,2240,2005,TL,97,5004,Bathyraja tunae,334,0.100971418,1.31076123,-0.858077252,4.231775594,0.656580001,4.367530028,29.77275624,None,Rhombus
Chondrichthyes,RAJIFORMES,ARHYNCHOBATIDAE,Bathyraja,Bathyraja tzinovskii,0,LC,1775,2500,1983,TL,94,39511,Bathyraja tzinovskii,335,0.217722582,2.187970568,8.797907371,7.603449142,2.083120941,11.81334016,6642.479386,None,Rhombus
Chondrichthyes,RAJIFORMES,ARHYNCHOBATIDAE,Bathyraja,Bathyraja violacea,3,LC,25,1100,1935,TL,107,1023958,Bathyraja violacea,336,3.062492548,9.487946455,-13.0287318,0.487344796,2.33462675,13.24521949,28089.52289,Other,Rhombus
Chondrichthyes,MYLIOBATIFORMES,DASYATIDAE,Bathytoshia,Bathytoshia brevicaudata,32,LC,0,480,1875,DW,210,1778126,Bathytoshia brevicaudata,426,0.780676599,5.630764878,-10.29750992,5.172338161,-1.810762807,11.66493268,8666.993603,Spotted,Rhombus
Chondrichthyes,MYLIOBATIFORMES,DASYATIDAE,Bathytoshia,Bathytoshia centroura,27,VU,0,275,1815,DW,220,1605215,Bathytoshia centroura,427,1.84272834,2.422537842,-2.765901686,-7.716642955,-2.634957381,8.610446623,25274.74575,None,Rhombus
Chondrichthyes,MYLIOBATIFORMES,DASYATIDAE,Bathytoshia,Bathytoshia lata,14,VU,0,800,1880,DW,260,3593604,Bathytoshia lata,428,3.417610922,4.339583787,-0.127501291,-3.013605607,1.03212582,3.18800236,58268.40263,None,Rhombus
Chondrichthyes,TORPEDINIFORMES,NARCINIDAE,Benthobatis,Benthobatis kreffti,3,VU,450,530,2001,TL,30,6055,Benthobatis kreffti,67,1.396967099,4.897106139,7.373363769,-2.341747945,4.05546478,8.734819477,1895.111052,None,Disc
Chondrichthyes,TORPEDINIFORMES,NARCINIDAE,Benthobatis,Benthobatis marcida,2,LC,197,1000,1909,TL,50,101771,Benthobatis marcida,68,3.086670125,1.6745534,9.687272185,6.040527452,2.079822278,11.60417489,21558.12689,None,Spade
Chondrichthyes,TORPEDINIFORMES,NARCINIDAE,Benthobatis,Benthobatis moresbyi,3,LC,787,1071,1898,TL,40,472831,Benthobatis moresbyi,69,1.341934338,3.851788461,-5.307298821,1.111857263,-0.3190034,5.431888301,2806.989685,None,Disc
Chondrichthyes,TORPEDINIFORMES,NARCINIDAE,Benthobatis,Benthobatis yangi,1,VU,300,500,2003,TL,37,125,Benthobatis yangi,70,1.36343927,8.51235949,-2.274775804,1.86516924,1.592525055,3.345085545,15147.57791,None,Disc
Chondrichthyes,RAJIFORMES,RAJIDAE,Beringraja,Beringraja binoculata,24,LC,200,800,1855,TL,290,1265574,Beringraja binoculata,133,3.229361345,4.536679364,5.469502893,-4.943920838,-6.642226621,9.923557307,24461.77388,Spotted,Spade
Chondrichthyes,RAJIFORMES,RAJIDAE,Beringraja,Beringraja cortezensis,1,LC,15,90,1988,TL,39,39588,Beringraja cortezensis,134,1.27261202,4.80731073,6.65154218,2.046115038,-0.909664476,7.018339517,1280.203193,Spotted,Spade
Chondrichthyes,RAJIFORMES,RAJIDAE,Beringraja,Beringraja inornata,6,LC,17,671,1881,TL,76,445584,Beringraja inornata,135,0.961182911,3.281575526,10.3846391,3.993248378,-1.016404525,11.17227998,24461.77388,Spotted,Spade
Chondrichthyes,RAJIFORMES,RAJIDAE,Beringraja,Beringraja pulchra,18,EN,5,30,1932,TL,115,1075254,Beringraja pulchra,136,1.476905378,7.460693644,-16.61818147,-3.159361756,4.99185431,17.63701027,21396.97106,Spotted,Spade
Chondrichthyes,RAJIFORMES,RAJIDAE,Beringraja,Beringraja rhina,38,LC,9,1294,1880,TL,204,604407,Beringraja rhina,137,0.916942278,2.067476083,-13.12752613,-10.79548459,-5.468961145,17.85452228,24461.77388,Spotted,Spade
Chondrichthyes,RAJIFORMES,RAJIDAE,Beringraja,Beringraja stellulata,1,LC,18,982.4,1880,TL,71.7,219628,Beringraja stellulata,138,2.400799776,11.45494593,-4.59366479,5.155411688,2.949491861,7.508630242,24461.77388,Other,Spade
Chondrichthyes,RAJIFORMES,RAJIDAE,Breviraja,Breviraja claramaculata,0,LC,293,896,1985,TL,29,12577,Breviraja claramaculata,139,0.791927875,2.738819507,12.84262192,-2.730956882,0.729428849,13.15002395,21447.0435,Other,Spade
Chondrichthyes,RAJIFORMES,RAJIDAE,Breviraja,Breviraja colesi,0,LC,220,623,1948,TL,40,46515,Breviraja colesi,140,1.90884828,2.591703083,14.29007749,-5.555092521,-6.311869589,16.58026131,21558.12689,Other,Spade
Chondrichthyes,RAJIFORMES,RAJIDAE,Breviraja,Breviraja mouldi,0,LC,353,776,1995,TL,41,15060,Breviraja mouldi,141,1.984776288,2.422636212,6.728314209,-1.886098311,3.608617482,7.864457964,489.5644983,Spotted,Spade
Chondrichthyes,RAJIFORMES,RAJIDAE,Breviraja,Breviraja nigriventralis,0,LC,549,776,1985,TL,44,11719,Breviraja nigriventralis,142,0.088700392,1.349929234,-15.21121374,3.283009087,-3.266197585,15.90054147,3152.426096,Spotted,Spade
Chondrichthyes,RAJIFORMES,RAJIDAE,Breviraja,Breviraja spinosa,0,LC,365,670,1950,TL,33,24118,Breviraja spinosa,143,1.429927701,5.685630315,5.446368333,0.676880258,1.176376859,5.612927704,22727.24669,Spotted,Spade
Chondrichthyes,MYLIOBATIFORMES,DASYATIDAE,Brevitrygon,Brevitrygon heterura,5,VU,0,50,1841,DW,24,1309739,Brevitrygon heterura,429,2.557337264,2.600167839,16.74437459,-10.36125442,1.347478402,19.7369038,2787.343525,None,Rhombus
Chondrichthyes,MYLIOBATIFORMES,DASYATIDAE,Brevitrygon,Brevitrygon imbricata,9,VU,3,55,1801,DW,29,388953,Brevitrygon imbricate,430,4.06225624,4.858271375,6.710490102,-5.778329018,-1.929425973,9.063247113,5152.813877,None,Rhombus
Chondrichthyes,MYLIOBATIFORMES,DASYATIDAE,Brevitrygon,Brevitrygon javaensis,1,EN,0,100,2013,DW,24,4868,Brevitrygon javaensis,431,2.529753241,5.253842207,-10.45801213,3.687935996,1.729382283,11.22326391,1089.077357,None,Rhombus
Chondrichthyes,MYLIOBATIFORMES,DASYATIDAE,Brevitrygon,Brevitrygon manjajiae,1,NT,0,94,2023,DW,NA,227655,NA,NA,NA,NA,NA,NA,NA,NA,5477.910572,NA,NA
Chondrichthyes,MYLIOBATIFORMES,DASYATIDAE,Brevitrygon,Brevitrygon walga,20,NT,0,40,1841,DW,23,1337338,Brevitrygon walga,432,3.080145214,4.67679215,-3.609051951,2.670041888,1.212237985,4.6501506,5698.939828,None,Rhombus
Chondrichthyes,RAJIFORMES,ARHYNCHOBATIDAE,Brochiraja,Brochiraja aenigma,0,DD,422,437,2006,TL,44,NA,Brochiraja aenigma,337,0.393780443,2.611150726,11.89467702,6.417358038,-0.355454382,13.52006559,NA,Mottled,Disc
Chondrichthyes,RAJIFORMES,ARHYNCHOBATIDAE,Brochiraja,Brochiraja albilabiata,0,DD,900,1003,2006,TL,65,20110,Brochiraja albilabiata,338,0.612615546,5.798518339,-7.227092335,4.912732776,1.264778898,8.829805921,213.0179479,None,Spade
Chondrichthyes,RAJIFORMES,ARHYNCHOBATIDAE,Brochiraja,Brochiraja asperula,4,DD,57,1150,1974,TL,78,850007,Brochiraja asperula,339,0.094071351,2.039564114,1.349130266,9.71521749,0.545831764,9.823621311,213.0179479,None,Spade
Chondrichthyes,RAJIFORMES,ARHYNCHOBATIDAE,Brochiraja,Brochiraja heuresa,1,DD,870,1350,2012,TL,38,59940,Brochiraja heuresa,340,1.381332399,8.732841149,-9.571046225,4.068365756,3.487635709,10.96905322,213.0179479,None,Spade
Chondrichthyes,RAJIFORMES,ARHYNCHOBATIDAE,Brochiraja,Brochiraja leviveneta,0,DD,300,1200,2006,TL,51,1224504,Brochiraja leviceneta,341,1.011711907,3.022065315,-7.649759562,17.39735298,-0.768680909,19.02045169,213.0179479,None,Spade
Chondrichthyes,RAJIFORMES,ARHYNCHOBATIDAE,Brochiraja,Brochiraja microspinifera,0,DD,600,1200,2006,TL,33,68891,Brochiraja microspinifera,342,1.178619525,3.437422196,-2.933307508,5.408220193,0.635302618,6.185203958,213.0179479,None,Spade
Chondrichthyes,RAJIFORMES,ARHYNCHOBATIDAE,Brochiraja,Brochiraja spinifera,3,DD,125,1500,1974,TL,84,286685,Brochiraja spinifera,343,0.983612716,6.476854328,-5.335384332,13.92884524,-0.972424513,14.9473966,213.0179479,None,Spade
Chondrichthyes,RAJIFORMES,ARHYNCHOBATIDAE,Brochiraja,Brochiraja vittacauda,1,DD,630,975,2012,TL,72,51740,Brochiraja vittacauda,344,1.936156518,8.19291493,-18.58884089,6.161767382,5.232819686,20.27053982,213.0179479,None,Spade
Chondrichthyes,RAJIFORMES,GURGESIELLIDAE,Cruriraja,Cruriraja andamanica,1,DD,275,525,1909,TL,50,2481,Cruriraja andamanica,383,0.226882315,2.241229849,-0.42125351,7.44620366,-5.499334326,9.266395281,2832.815684,None,Rhombus
Chondrichthyes,RAJIFORMES,GURGESIELLIDAE,Cruriraja,Cruriraja atlantis,0,LC,512,860,1948,TL,34,22395,Cruriraja atlantis,384,2.885433664,2.001543441,30.9541753,-5.071501324,-1.985346354,31.42964674,21558.12689,None,Rhombus
Chondrichthyes,RAJIFORMES,GURGESIELLIDAE,Cruriraja,Cruriraja cadenati,0,LC,457,896,1962,TL,38,10866,Cruriraja cadenati,385,2.695777142,3.342433902,24.86334921,-4.910267552,-0.907505207,25.35981915,21551.77505,None,Rhombus
Chondrichthyes,RAJIFORMES,GURGESIELLIDAE,Cruriraja,Cruriraja durbanensis,0,DD,860,860,1923,TL,31,22145,Cruriraja durbanensis,386,0.849385948,4.456090601,-3.106168915,1.165500585,0.043535905,3.317916864,385.3894234,None,Spade
Chondrichthyes,RAJIFORMES,GURGESIELLIDAE,Cruriraja,Cruriraja hulleyi,2,LC,40,545,2010,TL,59,227115,Cruriraja hulleyi,387,2.806578586,5.8372278,-5.94626064,-7.73083886,1.39555892,9.852485462,397.8645233,None,Rhombus
Chondrichthyes,RAJIFORMES,GURGESIELLIDAE,Cruriraja,Cruriraja parcomaculata,4,LC,65,680,1923,TL,43,80327,Cruriraja parcomaculata,388,1.316852087,3.175714578,19.87715302,-6.094358007,-3.137810561,21.02589515,401.2298307,None,Spade
Chondrichthyes,RAJIFORMES,GURGESIELLIDAE,Cruriraja,Cruriraja poeyi,0,LC,366,870,1948,TL,34,94856,Cruriraja poeyi,389,1.516309078,4.58899342,12.52404874,-1.723242572,2.197813422,12.83166964,22838.33009,Mottled,Rhombus
Chondrichthyes,RAJIFORMES,GURGESIELLIDAE,Cruriraja,Cruriraja rugosa,1,LC,251,1007,1958,TL,51,356097,Cruriraja rugosa,390,0.571035848,3.012745455,13.79828384,1.106888767,0.707969604,13.86070202,30903.06738,None,Rhombus
Chondrichthyes,RAJIFORMES,RAJIDAE,Dactylobatus,Dactylobatus armatus,0,LC,338,685,1909,TL,32,32981,Dactylobatus armatus,144,0.929067813,2.467321015,18.45987994,0.557838786,-8.17485379,20.1966974,23192.3362,Mottled,Spade
Chondrichthyes,RAJIFORMES,RAJIDAE,Dactylobatus,Dactylobatus clarkii,0,LC,300,915,1958,TL,75,145789,Dactylobatus clarkii,145,3.140347279,5.219574342,14.99598012,-2.677098587,7.2366879,16.86463543,30381.65849,Spotted,Spade
Chondrichthyes,MYLIOBATIFORMES,DASYATIDAE,Dasyatis,Dasyatis chrysonota,12,NT,0,110,1828,DW,75,70743,Dasyatis chrysonota,433,8.303283625,4.877030149,8.706397145,0.747872247,-2.569332083,9.108355038,474.4349449,Mottled,Rhombus
Chondrichthyes,MYLIOBATIFORMES,DASYATIDAE,Dasyatis,Dasyatis hypostigma,6,EN,5,80,2004,DW,58,312041,Dasyatis hypostigma,434,4.088063699,7.63438019,12.21515112,-3.456758548,-2.461062477,12.93119968,2534.86601,None,Rhombus
Chondrichthyes,MYLIOBATIFORMES,DASYATIDAE,Dasyatis,Dasyatis marmorata,31,NT,0,100,1892,DW,75,281483,Dasyatis marmorata,435,8.248989167,6.290193946,-1.718949132,4.365616391,-10.15462746,11.18614551,2373.569353,None,Rhombus
Chondrichthyes,MYLIOBATIFORMES,DASYATIDAE,Dasyatis,Dasyatis pastinaca,130,VU,0,200,1758,DW,140,2081136,Dasyatis pastinaca,436,4.744702039,4.796580944,9.858201575,-2.616731321,-0.305765887,10.2041616,20281.86819,Mottled,Rhombus
Chondrichthyes,MYLIOBATIFORMES,DASYATIDAE,Dasyatis,Dasyatis tortonesei,11,DD,0,100,1977,DW,84,78049,Dasyatis tortonesei,437,3.11600235,8.763752855,1.6862849,0.752268593,4.726525406,5.074397227,4121.00524,None,Rhombus
Chondrichthyes,RAJIFORMES,RAJIDAE,Dentiraja,Dentiraja australis,3,NT,20,325,1884,TL,55,35826,Dentiraja australis,146,4.516842394,10.52278597,9.874841404,-9.581412646,1.265357468,13.81727508,1410.266438,Mottled,Spade
Chondrichthyes,RAJIFORMES,RAJIDAE,Dentiraja,Dentiraja cerva,1,NT,60,470,1939,TL,66,255165,Dentiraja cerva,147,3.126820422,7.65443057,11.03043831,-5.6020722,6.726783598,14.08202399,1410.266438,Other,Spade
Chondrichthyes,RAJIFORMES,RAJIDAE,Dentiraja,Dentiraja confusa,0,CR,20,600,2008,TL,70,306039,Dentiraja confusa,148,0.994053992,6.02550549,-1.662404862,2.408095513,-1.184193168,3.156711483,1410.266438,Other,Spade
Chondrichthyes,RAJIFORMES,RAJIDAE,Dentiraja,Dentiraja endeavouri,0,NT,110,370,2008,TL,37,10594,Dentiraja endeavouri,149,2.371372753,9.164338019,0.382447838,-7.885339058,0.516043949,7.911456236,1410.266438,Other,Spade
Chondrichthyes,RAJIFORMES,RAJIDAE,Dentiraja,Dentiraja falloarga,0,DD,122,256,2008,TL,49,351219,Dentiraja falloarga,150,2.484284431,9.596155927,6.981220833,8.5219184,3.851717981,11.67031572,1410.266438,Other,Spade
Chondrichthyes,RAJIFORMES,RAJIDAE,Dentiraja,Dentiraja flindersi,0,DD,27,54,2008,TL,33,22306,Dentiraja flindersi,151,1.785263879,7.893159836,6.886633559,-1.296997228,4.948526879,8.578801889,1410.266438,Other,Spade
Chondrichthyes,RAJIFORMES,RAJIDAE,Dentiraja,Dentiraja healdi,0,LC,304,520,2008,TL,72,173728,Dentiraja healdi,152,1.625895732,5.722911066,12.90319378,11.86920685,2.904976147,17.77102606,1410.266438,None,Rhombus
Chondrichthyes,RAJIFORMES,RAJIDAE,Dentiraja,Dentiraja lemprieri,0,LC,0,170,1845,TL,55,273202,Dentiraja lemprieri,153,2.841640869,10.85003012,-7.907287075,-2.200970295,4.617911346,9.417779161,1410.266438,Other,Spade
Chondrichthyes,RAJIFORMES,RAJIDAE,Dentiraja,Dentiraja oculus,0,LC,200,390,2008,TL,55.7,88071,Dentiraja oculata,154,0.669958758,3.319493291,12.69774476,6.634754673,3.136395114,14.66593556,1410.266438,Mottled,Rhombus
Chondrichthyes,RAJIFORMES,RAJIDAE,Dentiraja,Dentiraja polyommata,5,LC,135,320,1910,TL,38,139623,Dentiraja polyommata,155,2.391753361,7.732441214,10.13069788,3.889964153,2.960002816,11.24830997,1410.266438,Spotted,Rhombus
Chondrichthyes,TORPEDINIFORMES,NARCINIDAE,Diplobatis,Diplobatis colombiensis,0,VU,30,107,1984,TL,17,8989,Diplobatis colombiensis,71,2.461529402,3.952725827,6.110894647,1.117121085,0.439097623,6.227664059,320.7781672,Spotted,Disc
Chondrichthyes,TORPEDINIFORMES,NARCINIDAE,Diplobatis,Diplobatis guamachensis,0,VU,30,185,1957,TL,20,52446,Diplobatis guamachensis,72,0.956835151,3.727616393,10.89614851,1.445882614,0.347731409,10.99716081,352.0832375,Lined,Spade
Chondrichthyes,TORPEDINIFORMES,NARCINIDAE,Diplobatis,Diplobatis ommata,16,LC,0,65,1890,TL,25,117170,Diplobatis ommata,73,2.947421554,5.714553067,7.490180985,-6.26113299,5.635331071,11.27215835,1980.993595,Spotted,Spade
Chondrichthyes,TORPEDINIFORMES,NARCINIDAE,Diplobatis,Diplobatis picta,0,VU,0,130,1950,TL,18,320799,Diplobatis picta,74,2.411428826,7.214913297,12.27380422,-2.513983702,0.852791144,12.5576127,5001.121394,Other,Spade
Chondrichthyes,RAJIFORMES,RAJIDAE,Dipturus,Dipturus acrobelus,0,LC,446,1328,2008,TL,137,422930,Dipturus acrobelus,156,0.320200088,3.360942067,-2.512585681,15.28407003,0.480730045,15.49667657,1410.266438,None,Rhombus
Chondrichthyes,RAJIFORMES,RAJIDAE,Dipturus,Dipturus amphispinus,1,DD,NA,NA,2013,TL,90,NA,Dipturus amphispinus,157,2.302981962,9.051943848,-20.03132352,-0.415717691,4.586650242,20.55393158,369.2872738,None,Rhombus
Chondrichthyes,RAJIFORMES,RAJIDAE,Dipturus,Dipturus apricus,0,LC,195,605,2008,TL,77,164592,Dipturus apricus,158,0.854445321,7.658335464,-4.540996161,5.547681711,1.163699707,7.263030739,1410.266438,None,Rhombus
Chondrichthyes,RAJIFORMES,RAJIDAE,Dipturus,Dipturus argentinensis,3,DD,85,400,2008,TL,125,184498,Zearaja argentinensis,275,0.068904804,1.311295091,-10.58653335,3.358440005,0.919227174,11.14445092,3475.766547,None,Rhombus
Chondrichthyes,RAJIFORMES,RAJIDAE,Dipturus,Dipturus batis,44,CR,10,600,1758,TL,143,1598275,Dipturus batis,159,2.257698743,5.206580031,-3.307114741,-1.369369818,1.670742054,3.950134253,14564.23671,Spotted,Rhombus
Chondrichthyes,RAJIFORMES,RAJIDAE,Dipturus,Dipturus brevicaudatus,3,VU,25,350,1933,TL,119,927502,NA,NA,NA,NA,NA,NA,NA,NA,2534.86601,NA,NA
Chondrichthyes,RAJIFORMES,RAJIDAE,Dipturus,Dipturus bullisi,0,LC,185,550,1962,TL,77,110457,Dipturus bullisi,160,0.648715822,1.095514973,6.32247759,5.606790887,0.102201904,8.451051541,27571.73817,None,Rhombus
Chondrichthyes,RAJIFORMES,RAJIDAE,Dipturus,Dipturus campbelli,0,NT,137,403,1967,TL,66,19968,Dipturus campbelli,161,1.474353953,4.41564891,11.66573611,2.583734114,1.921956329,12.1020245,401.2298307,Spotted,Rhombus
Chondrichthyes,RAJIFORMES,RAJIDAE,Dipturus,Dipturus canutus,0,EN,155,1050,2008,TL,90,361713,Dipturus canutus,162,0.592809185,5.545853727,-19.30751105,1.46745352,1.484813439,19.42004309,1410.266438,None,Rhombus
Chondrichthyes,RAJIFORMES,RAJIDAE,Dipturus,Dipturus chilensis,51,EN,14,600,1848,TL,210,102527,Zearaja chilensis,276,1.977535554,9.954948694,-15.78685112,-3.474628748,4.563266502,16.79646137,287.0713109,Mottled,Rhombus
Chondrichthyes,RAJIFORMES,RAJIDAE,Dipturus,Dipturus chinensis,3,VU,20,80,1855,TL,68,207833,Dipturus chinensis,163,2.072708934,7.844752924,-3.59917098,2.031941944,2.857337226,5.024658778,19745.54813,Mottled,Rhombus
Chondrichthyes,RAJIFORMES,RAJIDAE,Dipturus,Dipturus crosnieri,0,VU,300,850,1989,TL,61,5184,Dipturus crosnieri,164,0.309635162,1.601957818,-4.629846645,5.595464039,0.254542669,7.267013812,13.93234898,None,Rhombus
Chondrichthyes,RAJIFORMES,RAJIDAE,Dipturus,Dipturus doutrei,0,LC,165,1200,1960,TL,115,490887,Dipturus doutrei,165,0.714387176,1.210831553,-1.022791908,-2.570899866,-0.690329059,2.851698374,1240.322321,Mottled,Rhombus
Chondrichthyes,RAJIFORMES,RAJIDAE,Dipturus,Dipturus ecuadoriensis,0,DD,NA,NA,1941,TL,39,NA,Dipturus ecuadoriensis,166,0.252498219,0.566600322,-2.97995127,0.590998607,-2.457572788,3.907563555,107.3290175,None,Rhombus
Chondrichthyes,RAJIFORMES,RAJIDAE,Dipturus,Dipturus garricki,0,LC,275,475,1958,TL,107,45528,Dipturus garricki,167,0.12340121,0.483774067,-0.706467396,2.94435948,-0.446867373,3.060725302,28811.09862,None,Rhombus
Chondrichthyes,RAJIFORMES,RAJIDAE,Dipturus,Dipturus gigas,1,NT,300,1000,1958,TL,186,101232,Dipturus gigas,168,0.337295546,2.156361461,-16.94284743,-0.890316885,-0.511164077,16.97392211,20114.83541,None,Rhombus
Chondrichthyes,RAJIFORMES,RAJIDAE,Dipturus,Dipturus grahamorum,0,LC,100,500,2008,TL,64,191848,Dipturus grahami,169,1.385965394,7.748268915,-14.55663481,-2.450150164,2.872430773,15.03827488,1410.266438,None,Rhombus
Chondrichthyes,RAJIFORMES,RAJIDAE,Dipturus,Dipturus gudgeri,0,NT,160,765,1940,TL,184,586134,Dipturus gudgeri,170,1.071607523,3.857580956,-7.838843759,7.667995949,-0.838559512,10.99767318,1410.266438,None,Rhombus
Chondrichthyes,RAJIFORMES,RAJIDAE,Dipturus,Dipturus innominatus,2,LC,0,1300,1974,TL,240,683121,Dipturus innominatus,171,1.877286832,4.185132125,-6.868178304,5.757836353,-1.352635177,9.063894009,213.0179479,Other,Rhombus
Chondrichthyes,RAJIFORMES,RAJIDAE,Dipturus,Dipturus intermedius,25,CR,20,1500,1837,TL,254,1662971,Dipturus intermedius,172,0.240512675,5.742297692,-9.205241082,5.26205507,0.122893451,10.60381015,15691.22854,Spotted,Rhombus
Chondrichthyes,RAJIFORMES,RAJIDAE,Dipturus,Dipturus johannisdavisi,1,DD,220,660,1899,TL,54,29404,Dipturus johannisdavisi,173,0.624810846,2.822184032,-22.84138845,-3.063694056,1.716561477,23.10977782,2928.447166,None,Rhombus
Chondrichthyes,RAJIFORMES,RAJIDAE,Dipturus,Dipturus kwangtungensis,3,DD,NA,NA,1960,TL,50,NA,Dipturus kwangtungensis,174,2.551381691,13.50846339,-3.415003481,-3.484155279,9.090357091,10.31679111,15140.27392,Mottled,Rhombus
Chondrichthyes,RAJIFORMES,RAJIDAE,Dipturus,Dipturus laevis,20,LC,10,1174,1818,TL,163,578215,Dipturus laevis,175,0.399258956,1.375426709,-7.102114694,0.362320622,-0.328158463,7.11891827,25933.75561,Spotted,Rhombus
Chondrichthyes,RAJIFORMES,RAJIDAE,Dipturus,Dipturus lamillai,2,LC,101,572,2019,TL,155,171697,NA,NA,NA,NA,NA,NA,NA,NA,2899.625744,NA,NA
Chondrichthyes,RAJIFORMES,RAJIDAE,Dipturus,Dipturus lanceorostratus,0,DD,430,694,1967,TL,82,17196,Dipturus lanceorostratus,176,0.34900292,1.884930521,-8.607268601,7.611385061,-1.358808813,11.56998776,401.2298307,Spotted,Rhombus
Chondrichthyes,RAJIFORMES,RAJIDAE,Dipturus,Dipturus leptocaudus,1,VU,10,550,1975,TL,88,232341,Dipturus leptocaudus,177,0.831836552,2.982381837,-10.14606152,0.873548397,1.020371232,10.23458883,2534.86601,Mottled,Rhombus
Chondrichthyes,RAJIFORMES,RAJIDAE,Dipturus,Dipturus macrocauda,0,NT,150,850,1955,TL,130,124681,Dipturus macrocaudus,178,0.269651574,4.347115863,-31.21690415,0.471488813,0.198528256,31.22109575,21396.97106,None,Rhombus
Chondrichthyes,RAJIFORMES,RAJIDAE,Dipturus,Dipturus maugeanus,0,EN,15,15,2007,TL,84,354,Zearaja maugeana,277,1.531056889,6.30943688,-11.18427126,-1.236592467,0.378393889,11.25878619,1410.266438,None,Rhombus
Chondrichthyes,RAJIFORMES,RAJIDAE,Dipturus,Dipturus melanospilus,0,DD,240,695,2008,TL,78,265947,Dipturus melanospilus,179,0.965632566,3.717593206,-13.1956184,6.51138364,1.170971451,14.76122068,1410.266438,None,Rhombus
Chondrichthyes,RAJIFORMES,RAJIDAE,Dipturus,Dipturus mennii,1,CR,133,550,2001,TL,167,51435,Dipturus mennii,180,0.277012731,1.519352131,-6.929268845,4.072659095,-0.03157024,8.037556563,1895.111052,None,Rhombus
Chondrichthyes,RAJIFORMES,RAJIDAE,Dipturus,Dipturus nasutus,7,LC,17,1500,1841,TL,90,810169,Zearaja nasuta,278,1.645190482,5.055524564,4.699277876,0.916405841,1.158720903,4.926017291,213.0179479,Other,Rhombus
Chondrichthyes,RAJIFORMES,RAJIDAE,Dipturus,Dipturus nidarosiensis,11,EN,125,1573,1881,TL,230,1495534,Dipturus nidarosiensis,181,1.847173655,3.705073023,-4.616025783,-1.830223117,0.499450195,4.990677427,11878.04757,None,Rhombus
Chondrichthyes,RAJIFORMES,RAJIDAE,Dipturus,Dipturus olseni,0,LC,55,384,1951,TL,69,67733,Dipturus olseni,182,0.83847377,0.630645286,3.984890454,-10.93833689,-9.038082001,14.73816447,22727.24669,None,Rhombus
Chondrichthyes,RAJIFORMES,RAJIDAE,Dipturus,Dipturus oregoni,0,LC,475,1080,1958,TL,144,31578,Dipturus oregoni,183,0.178636871,1.061237561,-5.14238823,4.038344716,0.512331009,6.558572086,22727.24669,None,Rhombus
Chondrichthyes,RAJIFORMES,RAJIDAE,Dipturus,Dipturus oxyrinchus,25,VU,70,1230,1758,TL,150,1439016,Dipturus oxyrinchus,184,0.865728016,3.960242159,-9.194413634,2.602275971,0.86615208,9.594753864,13069.62323,Spotted,Rhombus
Chondrichthyes,RAJIFORMES,RAJIDAE,Dipturus,Dipturus pullopunctatus,0,LC,15,457,1964,TL,130,229291,Dipturus pullopunctatus,185,4.079672309,6.777169359,7.923437592,-12.45615581,-1.337107021,14.82310818,397.8645233,Other,Spade
Chondrichthyes,RAJIFORMES,RAJIDAE,Dipturus,Dipturus queenslandicus,0,DD,399,606,2008,TL,76,58426,Dipturus queenslandicus,186,1.3474132,7.715545592,0.528696966,11.6370741,-1.793735494,11.7863693,1410.266438,None,Rhombus
Chondrichthyes,RAJIFORMES,RAJIDAE,Dipturus,Dipturus springeri,0,LC,50,970,1967,TL,192,492770,Dipturus springeri,187,0.03178545,1.636100193,-4.982152405,7.454807587,-3.069035642,9.477076475,3270.665207,None,Rhombus
Chondrichthyes,RAJIFORMES,RAJIDAE,Dipturus,Dipturus stenorhynchus,0,DD,255,760,1967,TL,101,8309,Dipturus stenorhynchus,188,0.072097964,0.821256733,-9.907813812,4.513166865,-1.870995599,11.04690338,401.2298307,None,Rhombus
Chondrichthyes,RAJIFORMES,RAJIDAE,Dipturus,Dipturus teevani,0,LC,311,940,1951,TL,84,310865,Dipturus teevani,189,0.247082467,1.9275241,0.558719513,5.648971145,0.174271635,5.679208844,31830.00709,None,Rhombus
Chondrichthyes,RAJIFORMES,RAJIDAE,Dipturus,Dipturus tengu,1,NT,45,400,1903,TL,113,377410,Dipturus tengu,190,0.289446626,2.454263203,-10.15857339,4.366896366,0.110635991,11.05796715,23441.48023,None,Rhombus
Chondrichthyes,RAJIFORMES,RAJIDAE,Dipturus,Dipturus trachydermus,17,EN,85,480,1975,TL,264,1208865,Dipturus trachydermus,191,0.276161388,1.284906964,-9.782343651,-0.466847864,-0.177911431,9.795092991,5721.563065,None,Rhombus
Chondrichthyes,RAJIFORMES,RAJIDAE,Dipturus,Dipturus wengi,0,LC,485,1165,2008,TL,128,561372,Dipturus wengi,192,0.309187604,2.153271914,-10.42656955,6.486250892,-1.143020765,12.33253014,1410.266438,None,Rhombus
Chondrichthyes,RAJIFORMES,RAJIDAE,Dipturus,Dipturus wuhanlingi,1,DD,NA,NA,2008,TL,100,NA,Dipturus wuhanlingi,193,0.525314396,2.543028279,-10.28859989,-1.314493023,2.201158642,10.60322022,14778.29063,None,Rhombus
Chondrichthyes,TORPEDINIFORMES,NARCINIDAE,Discopyge,Discopyge castelloi,1,DD,35,56,2008,TL,31,14199,Discopyge castelloi,75,2.765835472,3.518036194,4.731905908,-7.718265868,0.943378759,9.10233624,576.140803,None,Spade
Chondrichthyes,TORPEDINIFORMES,NARCINIDAE,Discopyge,Discopyge tschudii,30,LC,10,181,1846,TL,55,1106643,Discopyge tschudii,76,0.88389414,1.685012818,-3.633673316,1.973994518,0.516817551,4.167413647,3046.400209,None,Spade
Chondrichthyes,TORPEDINIFORMES,NARKIDAE,Electrolux,Electrolux addisoni,0,LC,0,50,2007,TL,52,939,Electrolux addisoni,97,4.84931608,13.38775689,-19.26046022,-6.118112621,-4.897517491,20.79380455,385.3894234,Mottled,Spade
Chondrichthyes,RAJIFORMES,GURGESIELLIDAE,Fenestraja,Fenestraja atripinna,0,LC,366,951,1950,TL,29,46660,Fenestraja atripinna,391,0.562501444,2.095404078,15.93812073,1.758093466,3.042522643,16.32089241,21558.12689,None,Spade
Chondrichthyes,RAJIFORMES,GURGESIELLIDAE,Fenestraja,Fenestraja cubensis,0,LC,440,869,1950,TL,30,67074,Fenestraja cubensis,392,1.63035386,2.781815274,23.08816341,-10.65320373,-1.391238686,25.46545866,21558.12689,Other,Spade
Chondrichthyes,RAJIFORMES,GURGESIELLIDAE,Fenestraja,Fenestraja ishiyamai,0,LC,503,950,1962,TL,36,44725,Fenestraja ishiyamai,393,0.385326142,1.890104962,6.243897146,0.331099292,-0.654283707,6.286808847,22851.86608,None,Spade
Chondrichthyes,RAJIFORMES,GURGESIELLIDAE,Fenestraja,Fenestraja maceachrani,0,DD,600,765,1989,TL,42,708,Fenestraja maceachrani,394,3.199599522,2.116735444,30.99061283,-9.299207616,-1.891537298,32.41097436,13.93234898,None,Spade
Chondrichthyes,RAJIFORMES,GURGESIELLIDAE,Fenestraja,Fenestraja mamillidens,0,LC,1092,1338,1889,TL,29.2,10,Fenestraja mamillidens,395,0.048410879,0.440863723,-13.22759562,-2.360380409,-8.2723442,15.77885801,2857.546404,None,Rhombus
Chondrichthyes,RAJIFORMES,GURGESIELLIDAE,Fenestraja,Fenestraja plutonia,3,LC,293,1024,1881,TL,27,98060,Fenestraja plutonia,396,3.575133754,4.228235686,25.35705106,-16.86084197,-7.913316878,31.46249536,22799.67976,Mottled,Spade
Chondrichthyes,RAJIFORMES,GURGESIELLIDAE,Fenestraja,Fenestraja sibogae,0,DD,289,289,1913,TL,31.4,NA,Fenestraja sibogae,397,1.255553966,1.446407519,23.91361168,-5.272661494,-4.821182092,24.95807644,1089.077357,Mottled,Spade
Chondrichthyes,RAJIFORMES,GURGESIELLIDAE,Fenestraja,Fenestraja sinusmexicanus,0,LC,56,1096,1950,TL,36,632750,Fenestraja sinusmexicanus,398,0.863346277,2.154407998,17.62437214,-1.433130975,-1.261357802,17.72747532,23172.64425,None,Spade
Chondrichthyes,MYLIOBATIFORMES,DASYATIDAE,Fluvitrygon,Fluvitrygon kittipongi,2,EN,NA,NA,2005,DW,37,119433,Fluvitrygon kittipongi,438,1.529944788,4.768732474,-11.31174471,3.146098985,-2.055043249,11.91959353,1954.388924,None,Rhombus
Chondrichthyes,MYLIOBATIFORMES,DASYATIDAE,Fluvitrygon,Fluvitrygon oxyrhynchus,3,EN,NA,NA,1878,DW,37,194373,Fluvitrygon oxyrhynchus,439,7.956178366,14.07544594,-3.562561025,-9.912806277,9.044097214,13.88348889,2330.631144,None,Disc
Chondrichthyes,MYLIOBATIFORMES,DASYATIDAE,Fluvitrygon,Fluvitrygon signifer,21,EN,NA,NA,1982,DW,37,288262,Fluvitrygon signifer,440,0.93885538,5.365780502,-2.196675801,6.149145716,3.720366453,7.515218171,1954.388924,Spotted,Disc
Chondrichthyes,MYLIOBATIFORMES,DASYATIDAE,Fontitrygon,Fontitrygon colarensis,0,CR,5,40,2004,DW,165,40279,Fontitrygon colarensis,441,0.898201341,2.446704421,5.274661234,4.626552457,2.442565173,7.429210146,4647.29597,Mottled,Disc
Chondrichthyes,MYLIOBATIFORMES,DASYATIDAE,Fontitrygon,Fontitrygon garouaensis,2,CR,NA,NA,1962,DW,36,70855,Fontitrygon garouaensis,442,2.406705033,7.699354905,-14.33455734,-6.580736214,7.19322562,17.33574683,467.3334717,None,Rhombus
Chondrichthyes,MYLIOBATIFORMES,DASYATIDAE,Fontitrygon,Fontitrygon geijskesi,3,CR,0,80,1948,DW,150,104748,Fontitrygon geijskesi,443,0.837089516,5.769125236,-4.624741095,10.34725521,1.484605706,11.43057193,4682.684002,None,Disc
Chondrichthyes,MYLIOBATIFORMES,DASYATIDAE,Fontitrygon,Fontitrygon margarita,7,VU,0,90,1870,DW,78,240276,Fontitrygon margarita,444,3.226436335,7.553638625,2.490131881,0.165297898,-7.619242032,8.017538857,850.0934533,None,Rhombus
Chondrichthyes,MYLIOBATIFORMES,DASYATIDAE,Fontitrygon,Fontitrygon margaritella,9,NT,0,60,1984,DW,34,189233,Fontitrygon margaritella,445,5.584267758,5.199258644,9.362798341,1.153602648,-2.105668156,9.665745198,850.0934533,None,Rhombus
Chondrichthyes,MYLIOBATIFORMES,DASYATIDAE,Fontitrygon,Fontitrygon ukpam,0,CR,0,30,1863,DW,120,151571,Fontitrygon ukpam,446,2.902572294,3.209876905,13.8882709,-4.905668433,0.037705256,14.72925908,739.6651282,None,Rhombus
Chondrichthyes,RHINOPRISTIFORMES,GLAUCOSTEGIDAE,Glaucostegus,Glaucostegus cemiculus,40,CR,0,80,1817,TL,265,504902,Glaucostegus cemiculus,46,1.025175076,5.85997529,12.01781182,4.157490074,-2.819422129,13.02542382,9843.42039,None,Wedge
Chondrichthyes,RHINOPRISTIFORMES,GLAUCOSTEGIDAE,Glaucostegus,Glaucostegus granulatus,15,CR,0,120,1829,TL,229,714858,Glaucostegus granulatus,47,2.955976117,6.902160834,10.59926999,3.063256103,-10.42992943,15.18260486,5777.286999,None,Wedge
Chondrichthyes,RHINOPRISTIFORMES,GLAUCOSTEGIDAE,Glaucostegus,Glaucostegus halavi,6,CR,0,100,1775,TL,187,262232,Glaucostegus halavi,48,1.58187286,5.228609812,9.922382001,2.099176631,0.625580549,10.16127739,6056.77152,None,Wedge
Chondrichthyes,RHINOPRISTIFORMES,GLAUCOSTEGIDAE,Glaucostegus,Glaucostegus obtusus,3,CR,0,60,1841,TL,93,278340,Glaucostegus obtusus,49,1.291866423,6.955870324,9.41830578,5.588747314,-1.100735887,11.00682515,5956.28072,None,Wedge
Chondrichthyes,RHINOPRISTIFORMES,GLAUCOSTEGIDAE,Glaucostegus,Glaucostegus thouin,2,CR,0,60,1798,TL,300,1293713,Glaucostegus thouin,50,2.194655467,6.461508051,15.35543959,3.057089016,-0.622990507,15.66918745,6007.495478,None,Wedge
Chondrichthyes,RHINOPRISTIFORMES,GLAUCOSTEGIDAE,Glaucostegus,Glaucostegus typus,51,CR,0,100,1830,TL,270,4459625,Glaucostegus typus,51,4.893510385,7.86629749,16.97427545,-2.179502142,2.78320048,17.33846768,22223.99091,Spotted,Wedge
Chondrichthyes,RHINOPRISTIFORMES,GLAUCOSTEGIDAE,Glaucostegus,Glaucostegus younholeei,1,CR,NA,NA,2021,TL,NA,NA,NA,NA,NA,NA,NA,NA,NA,NA,362.6055485,NA,NA
Chondrichthyes,RAJIFORMES,GURGESIELLIDAE,Gurgesiella,Gurgesiella atlantica,1,LC,247,1575,1962,TL,52,105725,Gurgesiella atlantica,399,1.255782996,5.004904435,19.24139784,6.890053533,-1.122507661,20.46861627,6083.85193,None,Spade
Chondrichthyes,RAJIFORMES,GURGESIELLIDAE,Gurgesiella,Gurgesiella dorsalifera,1,VU,400,800,1980,TL,53,22592,Gurgesiella dorsalifera,400,1.428572221,3.040858521,31.9464364,-11.87276299,-3.753205437,34.28737159,1895.111052,Mottled,Rhombus
Chondrichthyes,RAJIFORMES,GURGESIELLIDAE,Gurgesiella,Gurgesiella furvescens,2,LC,172,960,1959,TL,63,68384,Gurgesiella furvescens,401,0.185705717,4.497956961,-24.24802249,-5.915393983,-4.210104265,25.31172571,618.8632165,None,Spade
Chondrichthyes,MYLIOBATIFORMES,GYMNURIDAE,Gymnura,Gymnura altavela,49,EN,0,150,1758,DW,220,1720530,Gymnura altavela,416,2.608106645,3.844797791,9.914981663,-3.756126416,-6.375409493,12.37179022,35520.4121,Mottled,Diamond
Chondrichthyes,MYLIOBATIFORMES,GYMNURIDAE,Gymnura,Gymnura australis,4,LC,0,60,1886,DW,94,1678766,Gymnura australis,417,2.275795355,6.094493388,16.57796031,-1.360833664,0.411934148,16.63881985,2523.773998,Mottled,Diamond
Chondrichthyes,MYLIOBATIFORMES,GYMNURIDAE,Gymnura,Gymnura crebripunctata,5,NT,0,30,1869,DW,81,60884,Gymnura crebripunctata,418,0.379156828,3.441781256,-3.549917379,-7.189246666,-2.389967235,8.366547939,2205.456483,Spotted,Diamond
Chondrichthyes,MYLIOBATIFORMES,GYMNURIDAE,Gymnura,Gymnura japonica,5,VU,0,27,1850,DW,145,332573,Gymnura japonica,419,2.533318229,5.396291826,-17.5617884,-15.59107386,2.783582755,23.64838956,21396.97106,None,Diamond
Chondrichthyes,MYLIOBATIFORMES,GYMNURIDAE,Gymnura,Gymnura lessae,7,LC,0,60,2017,DW,89.9,569773,NA,NA,NA,NA,NA,NA,NA,NA,22755.14963,NA,NA
Chondrichthyes,MYLIOBATIFORMES,GYMNURIDAE,Gymnura,Gymnura marmorata,9,NT,1,94,1864,DW,125,55852,Gymnura marmorata,420,0.984566977,1.744522823,14.44900704,-4.86804313,0.473496641,15.25437142,22727.24669,Spotted,Diamond
Chondrichthyes,MYLIOBATIFORMES,GYMNURIDAE,Gymnura,Gymnura micrura,28,NT,0,40,1801,DW,80,570358,Gymnura micrura,421,0.451687126,1.79725592,9.843241858,-0.99420202,2.083254575,10.11028177,4680.343227,Mottled,Diamond
Chondrichthyes,MYLIOBATIFORMES,GYMNURIDAE,Gymnura,Gymnura natalensis,8,LC,0,75,1911,DW,250,43077,Gymnura natalensis,422,1.405827731,1.698593652,18.87373747,-9.49607354,-6.381534642,22.07073545,413.7049306,Mottled,Diamond
Chondrichthyes,MYLIOBATIFORMES,GYMNURIDAE,Gymnura,Gymnura poecilura,26,VU,0,75,1804,DW,104,3332523,Gymnura poecilura,423,0.756538963,3.968773991,7.536279783,-4.854547148,-1.065435886,9.027585204,29259.655,Spotted,Diamond
Chondrichthyes,MYLIOBATIFORMES,GYMNURIDAE,Gymnura,Gymnura sereti,1,EN,0,60,2017,DW,75,202741,NA,NA,NA,NA,NA,NA,NA,NA,846.6828661,NA,NA
Chondrichthyes,MYLIOBATIFORMES,GYMNURIDAE,Gymnura,Gymnura tentaculata,1,CR,0,87,1841,DW,85,389752,Gymnura tentaculata,424,1.209337392,1.551040178,11.08777046,-2.317509834,0.757093793,11.35265153,3509.566426,Mottled,Diamond
Chondrichthyes,MYLIOBATIFORMES,GYMNURIDAE,Gymnura,Gymnura zonura,6,EN,0,40,1852,DW,108,1358849,Gymnura zonura,425,1.44002689,4.961560622,10.43693022,-8.857743001,-0.569247694,13.70084546,20792.46784,Spotted,Diamond
Chondrichthyes,MYLIOBATIFORMES,POTAMOTRYGONIDAE,Heliotrygon,Heliotrygon rosai,1,VU,NA,NA,2011,DW,NA,28204,Heliotrygon rosai,516,1.984986806,7.552657417,-9.245581845,3.097605099,-3.13892822,10.24347653,2119.57394,Mottled,Disc
Chondrichthyes,MYLIOBATIFORMES,DASYATIDAE,Hemitrygon,Hemitrygon akajei,101,NT,0,100,1841,DW,90,950646,Hemitrygon akajei,447,2.31515085,9.540963434,-9.544254004,-3.950882851,-5.047770281,11.49705374,23072.19295,None,Disc
Chondrichthyes,MYLIOBATIFORMES,DASYATIDAE,Hemitrygon,Hemitrygon bennetti,4,VU,25,36,1841,DW,61,32274,Hemitrygon bennetti,448,2.380463273,7.416964296,-6.65158989,3.971407559,-0.370327281,7.755828025,20240.79528,None,Rhombus
Chondrichthyes,MYLIOBATIFORMES,DASYATIDAE,Hemitrygon,Hemitrygon fluviorum,19,NT,0,40,1908,DW,93,591288,Hemitrygon fluviorum,449,1.534480066,5.922788278,1.96976543,0.228614175,-5.225296428,5.5889143,1410.266438,None,Rhombus
Chondrichthyes,MYLIOBATIFORMES,DASYATIDAE,Hemitrygon,Hemitrygon izuensis,0,VU,10,25,1988,DW,73,7769,Hemitrygon izuensis,450,1.916684287,6.988008765,-3.011321372,0.224077902,-7.28015897,7.881559613,4967.257498,None,Rhombus
Chondrichthyes,MYLIOBATIFORMES,DASYATIDAE,Hemitrygon,Hemitrygon laevigata,1,VU,1,60,1960,DW,37,130735,Hemitrygon laevigata,451,5.221377965,9.041939891,-7.523332426,-7.853166129,3.725955153,11.49589017,19745.54813,None,Rhombus
Chondrichthyes,MYLIOBATIFORMES,DASYATIDAE,Hemitrygon,Hemitrygon laosensis,4,EN,NA,NA,1987,DW,48,147384,Hemitrygon laosensis,452,2.813470577,8.59369659,9.44409628,-0.185925347,2.001866572,9.655723305,917.8503265,None,Rhombus
Chondrichthyes,MYLIOBATIFORMES,DASYATIDAE,Hemitrygon,Hemitrygon longicauda,1,NT,0,40,2013,DW,37,56705,Hemitrygon longicauda,453,2.715018685,7.565628026,-1.96285579,-0.74450979,-1.929739144,2.851489233,1113.50756,None,Rhombus
Chondrichthyes,MYLIOBATIFORMES,DASYATIDAE,Hemitrygon,Hemitrygon navarrae,2,VU,0,50,1892,DW,38,59173,Hemitrygon navarrae,454,3.124065953,4.316889088,9.787723696,-0.989362562,-0.360216236,9.844192662,15154.53285,None,Rhombus
Chondrichthyes,MYLIOBATIFORMES,DASYATIDAE,Hemitrygon,Hemitrygon parvonigra,0,DD,60,185,2008,DW,52,72268,Hemitrygon paroonigra,455,1.393966887,7.362612341,-21.20174339,0.208018548,-3.007974836,21.41506729,3230.614352,None,Rhombus
Chondrichthyes,MYLIOBATIFORMES,DASYATIDAE,Hemitrygon,Hemitrygon sinensis,0,EN,0,200,1892,DW,40,363824,Hemitrygon sinensis,456,1.488444834,7.845139007,-3.368163511,2.121159167,-1.063751323,4.120122392,16429.71357,None,Rhombus
Chondrichthyes,MYLIOBATIFORMES,DASYATIDAE,Hemitrygon,Hemitrygon yemenensis,1,DD,NA,NA,2020,DW,22,NA,NA,NA,NA,NA,NA,NA,NA,NA,29.08002716,NA,NA
Chondrichthyes,TORPEDINIFORMES,NARKIDAE,Heteronarce,Heteronarce bentuviai,1,DD,80,200,1989,TL,19,12339,Heteronarce bentuviai,98,4.136905399,11.71668214,6.746104345,-5.727481971,7.571348857,11.64642851,1724.745753,Mottled,Spade
Chondrichthyes,TORPEDINIFORMES,NARKIDAE,Heteronarce,Heteronarce garmani,0,NT,70,330,1921,TL,30,32797,Heteronarce garmani,99,2.489230935,2.254037464,12.0928377,-5.659703149,0.506264013,13.36133476,415.1621797,None,Spade
Chondrichthyes,TORPEDINIFORMES,NARKIDAE,Heteronarce,Heteronarce mollis,0,DD,73,346,1907,TL,25.5,166033,Heteronarce mollis,100,1.733498979,2.383985455,9.505094269,-1.07198215,4.831403175,10.71626891,2806.989685,None,Spade
Chondrichthyes,MYLIOBATIFORMES,HEXATRYGONIDAE,Hexatrygon,Hexatrygon bickelli,1,LC,300,1636,1980,DW,168,1113820,Hexatrygon bickelli,415,4.593422848,12.17069083,7.916360051,0.57076129,7.434194616,10.87482296,47925.32527,Other,Spade
Chondrichthyes,MYLIOBATIFORMES,DASYATIDAE,Himantura,Himantura australis,5,LC,0,45,2016,DW,183,916489,Himantura australis,457,0.707182335,13.08293462,-12.83805541,-1.7590399,5.164918438,13.94941829,2523.773998,Spotted,Rhombus
Chondrichthyes,MYLIOBATIFORMES,DASYATIDAE,Himantura,Himantura leoparda,13,EN,0,81,2008,DW,140,4812033,Himantura leoparda,458,2.035301031,15.40945861,3.036954084,6.326128868,10.21640926,12.39427346,32566.37206,Spotted,Rhombus
Chondrichthyes,MYLIOBATIFORMES,DASYATIDAE,Himantura,Himantura uarnak,42,EN,0,50,1789,DW,160,2445015,Himantura uarnak,459,2.065557343,14.4219926,-3.580826421,2.687285969,9.87243116,10.84014395,29945.22049,Spotted,Rhombus
Chondrichthyes,MYLIOBATIFORMES,DASYATIDAE,Himantura,Himantura undulata,1,EN,0,70,1852,DW,130,1977221,Himantura undulata,460,1.176623589,11.37502724,-8.044769719,5.18844574,5.33171005,10.95743679,6376.782752,Spotted,Rhombus
Chondrichthyes,RAJIFORMES,RAJIDAE,Hongeo,Hongeo koreana,3,CR,30,80,1997,TL,84,10968,Hongeo koreana,194,2.172883577,7.488657437,6.486993256,1.731394737,4.151131694,7.893712914,6618.680431,Other,Rhombus
Chondrichthyes,MYLIOBATIFORMES,DASYATIDAE,Hypanus,Hypanus americanus,100,NT,0,100,1928,DW,150,1233623,Hypanus americanus,461,2.368712672,3.155783063,0.117427642,6.129381166,-3.326565787,6.974893739,32180.93561,None,Rhombus
Chondrichthyes,MYLIOBATIFORMES,DASYATIDAE,Hypanus,Hypanus berthalutzae,8,VU,0,100,2020,DW,150,325417,NA,NA,NA,NA,NA,NA,NA,NA,1895.111052,NA,NA
Chondrichthyes,MYLIOBATIFORMES,DASYATIDAE,Hypanus,Hypanus dipterurus,34,VU,0,150,1880,DW,122,198084,Hypanus dipterurus,462,3.801665011,3.182958088,3.42130374,-2.909047748,-1.797295645,4.837163396,23652.49998,None,Rhombus
Chondrichthyes,MYLIOBATIFORMES,DASYATIDAE,Hypanus,Hypanus guttatus,38,NT,0,70,1801,DW,200,864881,Hypanus guttatus,463,1.739590073,2.989999013,5.3245663,-3.447870751,5.055469879,8.111510013,10398.14012,None,Rhombus
Chondrichthyes,MYLIOBATIFORMES,DASYATIDAE,Hypanus,Hypanus longus,24,VU,0,118,1880,DW,180,118771,Hypanus longus,464,1.010078245,6.046515139,-8.644429568,-1.877969856,7.24274817,11.43286204,1980.993595,None,Rhombus
Chondrichthyes,MYLIOBATIFORMES,DASYATIDAE,Hypanus,Hypanus marianae,11,EN,1,30,2000,DW,31,107816,Hypanus marianae,465,1.178863666,3.032702393,17.82892144,4.893971301,0.265178993,18.49031408,1895.111052,None,Rhombus
Chondrichthyes,MYLIOBATIFORMES,DASYATIDAE,Hypanus,Hypanus rudis,2,CR,0,30,1870,DW,198,75252,Hypanus rudis,466,1.646918957,4.653813132,-5.083845051,0.258208628,-1.1686918,5.222833783,594.7041145,None,Rhombus
Chondrichthyes,MYLIOBATIFORMES,DASYATIDAE,Hypanus,Hypanus sabinus,121,LC,0,25,1824,DW,45,292362,Hypanus sabinus,467,3.646055432,6.503689669,6.24895832,-6.411339084,4.33778239,9.948422237,22727.24669,None,Rhombus
Chondrichthyes,MYLIOBATIFORMES,DASYATIDAE,Hypanus,Hypanus say,13,NT,0,130,1817,DW,78,1182022,Hypanus say,468,1.160359091,4.402850167,7.987564593,0.743992053,2.800266631,8.496835029,27741.77821,None,Rhombus
Chondrichthyes,TORPEDINIFORMES,HYPNIDAE,Hypnos,Hypnos monopterygius,2,LC,0,220,1795,TL,62.5,1078954,Hypnos monopterygius,106,1.547341301,4.135238373,12.0258768,-9.495080734,5.934135038,16.43144028,1410.266438,None,Spade
Chondrichthyes,RAJIFORMES,ANACANTHOBATIDAE,Indobatis,Indobatis ori,2,LC,1000,1725,1967,TL,43,2150,Indobatis ori,403,0.415189637,4.715102695,1.414990143,6.159073165,-0.801104853,6.370097985,29.77275624,Other,Spade
Chondrichthyes,RAJIFORMES,ARHYNCHOBATIDAE,Insentiraja,Insentiraja laxipella,0,DD,800,880,1992,TL,57,32068,Insentiraja laxipella,345,2.641398531,6.352534153,-7.378803085,11.87135042,-0.0548418,13.97779323,1410.266438,Mottled,Spade
Chondrichthyes,RAJIFORMES,ARHYNCHOBATIDAE,Insentiraja,Insentiraja subtilispinosa,1,LC,320,1460,1989,TL,57,619804,Insentiraja subtilispinosa,346,2.179336048,4.002597018,-15.58092513,15.9069115,-2.699967095,22.4295538,2868.631069,Other,Spade
Chondrichthyes,RAJIFORMES,ARHYNCHOBATIDAE,Irolita,Irolita waitii,0,LC,50,200,1911,TL,52,372787,Irolita waitii,347,1.152497096,5.501322481,3.749650423,2.272426527,1.192162342,4.543682611,1410.266438,Other,Disc
Chondrichthyes,RAJIFORMES,ARHYNCHOBATIDAE,Irolita,Irolita westraliensis,0,DD,140,210,2008,TL,43,194908,Irolita westraliensis,348,3.13423278,7.362169868,-1.38304224,-2.749346045,5.307107481,6.134908258,1410.266438,Other,Rhombus
Chondrichthyes,RAJIFORMES,RAJIDAE,Leucoraja,Leucoraja circularis,9,EN,50,800,1838,TL,120,2215031,Leucoraja circularis,195,1.803810863,6.718579293,-2.022043906,0.370660878,4.453461663,4.905035355,12240.54293,Spotted,Spade
Chondrichthyes,RAJIFORMES,RAJIDAE,Leucoraja,Leucoraja compagnoi,0,DD,480,625,1995,TL,51.7,9464,Leucoraja compagnoi,196,0.772023657,4.4078855,9.812331025,7.110688782,2.092962233,12.29732597,385.3894234,Spotted,Spade
Chondrichthyes,RAJIFORMES,RAJIDAE,Leucoraja,Leucoraja elaineae,1,DD,484,484,2019,TL,33,NA,NA,NA,NA,NA,NA,NA,NA,NA,100.517971,NA,NA
Chondrichthyes,RAJIFORMES,RAJIDAE,Leucoraja,Leucoraja erinacea,138,LC,10,110,1825,TL,62,436610,Leucoraja erinacea,197,3.906402345,5.77779872,0.129807653,-4.097663116,-0.678160582,4.155429559,23181.57069,Spotted,Spade
Chondrichthyes,RAJIFORMES,RAJIDAE,Leucoraja,Leucoraja fullonica,13,VU,30,800,1758,TL,120,2228391,Leucoraja fullonica,198,1.428445291,5.661982847,0.109330533,5.316622173,-2.287842129,5.789010805,11601.56083,Spotted,Rhombus
Chondrichthyes,RAJIFORMES,RAJIDAE,Leucoraja,Leucoraja garmani,0,LC,35,530,1939,TL,57,314556,Leucoraja garmani,199,2.523955296,6.392186953,7.991330657,-1.797831692,5.318336581,9.766179829,21447.0435,Other,Spade
Chondrichthyes,RAJIFORMES,RAJIDAE,Leucoraja,Leucoraja lentiginosa,0,LC,55,590,1951,TL,44,123536,Leucoraja lentiginosa,200,2.429456977,4.737119935,11.43660037,2.75287087,-0.435412001,11.77130875,22767.59845,Spotted,Spade
Chondrichthyes,RAJIFORMES,RAJIDAE,Leucoraja,Leucoraja leucosticta,0,NT,70,705,1971,TL,80,173148,Leucoraja leucosticta,201,0.4901802,2.128775174,1.830514876,-3.099211947,1.541521025,3.915633598,708.9013667,Other,Spade
Chondrichthyes,RAJIFORMES,RAJIDAE,Leucoraja,Leucoraja melitensis,3,CR,60,800,1926,TL,50,306682,Leucoraja melitensis,202,1.2161346,2.419874374,10.47993502,1.476701354,1.788279433,10.73348165,2360.005472,Spotted,Spade
Chondrichthyes,RAJIFORMES,RAJIDAE,Leucoraja,Leucoraja naevus,43,LC,20,500,1841,TL,72,2102450,Leucoraja naevus,203,3.161414323,5.706193878,12.18213648,1.280926811,1.130582685,12.30135927,10838.89565,Other,Spade
Chondrichthyes,RAJIFORMES,RAJIDAE,Leucoraja,Leucoraja ocellata,68,EN,5,725,1815,TL,113,1396071,Leucoraja ocellata,204,3.913735551,9.250967854,-6.633241558,-2.310931133,4.235996131,8.202680018,25933.75561,Other,Spade
Chondrichthyes,RAJIFORMES,RAJIDAE,Leucoraja,Leucoraja pristispina,0,LC,200,505,2008,TL,40,308541,Leucoraja pristispina,205,1.453324908,5.973155865,7.932777658,1.010334205,2.520673397,8.384720088,1410.266438,Spotted,Spade
Chondrichthyes,RAJIFORMES,RAJIDAE,Leucoraja,Leucoraja wallacei,5,VU,73,515,1970,TL,96,255624,Leucoraja wallacei,206,3.692377672,5.86954157,5.281726762,-2.251691203,-5.00886068,7.619411799,413.7049306,Other,Spade
Chondrichthyes,RAJIFORMES,RAJIDAE,Leucoraja,Leucoraja yucatanensis,1,LC,190,455,1950,TL,30,3233,Leucoraja yucatanensis,207,0.430191531,2.008611275,2.02320734,3.059772618,-0.857305373,3.767034499,1320.55495,Spotted,Spade
Chondrichthyes,MYLIOBATIFORMES,DASYATIDAE,Maculabatis,Maculabatis ambigua,3,NT,NA,NA,2016,DW,90,182079,Maculabatis ambigua,469,0.908082847,5.147101453,-10.69881433,-3.05926313,-0.206600677,11.12952841,1491.352136,None,Rhombus
Chondrichthyes,MYLIOBATIFORMES,DASYATIDAE,Maculabatis,Maculabatis arabica,5,CR,0,37,2016,DW,61,357594,Maculabatis arabica,470,6.691983453,3.750228129,15.63174074,-14.42362214,-3.073746075,21.49046554,3107.813482,None,Rhombus
Chondrichthyes,MYLIOBATIFORMES,DASYATIDAE,Maculabatis,Maculabatis astra,3,NT,0,140,2008,DW,180,1831264,Maculabatis astra,471,1.697168919,7.0713053,-5.8840936,2.959788648,-1.52556078,6.760934997,2523.773998,Spotted,Rhombus
Chondrichthyes,MYLIOBATIFORMES,DASYATIDAE,Maculabatis,Maculabatis bineeshi,3,CR,0,100,2016,DW,66,149548,Maculabatis bineeshi,472,1.301030404,2.642690997,10.8168695,2.975596397,3.594550502,11.78047677,3558.697486,None,Rhombus
Chondrichthyes,MYLIOBATIFORMES,DASYATIDAE,Maculabatis,Maculabatis gerrardi,40,EN,0,60,1851,DW,116,2116824,Maculabatis gerrardi,473,4.205878756,3.457776523,6.80639059,1.580138648,-1.555297948,7.158403643,8727.614987,Spotted,Rhombus
Chondrichthyes,MYLIOBATIFORMES,DASYATIDAE,Maculabatis,Maculabatis macrura,4,EN,0,60,1852,DW,85,2009744,Maculabatis macrura,474,4.411437319,5.824190586,6.041566792,-6.353895425,-2.970452811,9.257219144,18230.97553,Spotted,Rhombus
Chondrichthyes,MYLIOBATIFORMES,DASYATIDAE,Maculabatis,Maculabatis pastinacoides,2,EN,0,60,1852,DW,86,1371097,Maculabatis pastinacoides,475,1.14540389,3.190666342,-2.433634544,1.277632514,-2.395335476,3.645895498,2861.985309,None,Rhombus
Chondrichthyes,MYLIOBATIFORMES,DASYATIDAE,Maculabatis,Maculabatis randalli,9,LC,0,60,2012,DW,62,237897,Maculabatis randalli,476,2.934610224,4.166722728,-1.295823164,-0.759798489,-5.420325439,5.62462259,2370.09709,None,Rhombus
Chondrichthyes,MYLIOBATIFORMES,DASYATIDAE,Maculabatis,Maculabatis toshi,10,LC,0,41,1939,DW,74,761157,Maculabatis toshi,477,1.031662598,4.673293588,-0.506174805,3.184001247,0.331071955,3.240938986,1410.266438,None,Rhombus
Chondrichthyes,MYLIOBATIFORMES,DASYATIDAE,Makararaja,Makararaja chindwinensis,0,DD,NA,NA,2007,DW,38.5,71425,Makararaja chindwinensis,478,2.494190011,4.670336534,-7.944245969,1.580134299,-0.301194407,8.105466458,66.55145508,None,Rhombus
Chondrichthyes,RAJIFORMES,RAJIDAE,Malacoraja,Malacoraja kreffti,0,LC,1000,1500,1978,TL,57,368556,Malacoraja kreffti,208,0.192981303,2.054395406,6.306445052,22.69563453,-0.664037511,23.5648896,6105.222361,None,Spade
Chondrichthyes,RAJIFORMES,RAJIDAE,Malacoraja,Malacoraja obscura,0,LC,808,1105,2005,TL,68,2453,Malacoraja obscura,209,0.541526883,1.758540417,-5.440332431,4.801936354,2.580519908,7.70161624,1895.111052,None,Spade
Chondrichthyes,RAJIFORMES,RAJIDAE,Malacoraja,Malacoraja senta,17,VU,25,1435,1885,TL,71,1385646,Malacoraja senta,210,1.116246656,2.131379521,5.217704884,1.131820872,1.529096666,5.553701411,23181.57069,None,Spade
Chondrichthyes,RAJIFORMES,RAJIDAE,Malacoraja,Malacoraja spinacidermis,0,LC,450,1570,1923,TL,64,1140991,Malacoraja spinacidermis,211,0.072595671,0.864322411,9.605208835,14.02421095,-0.98461251,17.02668468,2300.171704,None,Spade
Chondrichthyes,MYLIOBATIFORMES,DASYATIDAE,Megatrygon,Megatrygon microps,10,DD,0,222,1908,DW,222,1072035,Megatrygon microps,479,4.810594592,7.635525747,0.864068647,-6.965399574,6.898542945,9.841407451,7752.231592,Spotted,Rhombus
Chondrichthyes,MYLIOBATIFORMES,MOBULIDAE,Mobula,Mobula alfredi,132,VU,0,432,1868,DW,500,96543718,Mobula alfredi,625,1.444496578,5.54916855,-30.55455002,-7.368140078,-5.865324872,31.9729894,60708.6392,Mottled,Diamond
Chondrichthyes,MYLIOBATIFORMES,MOBULIDAE,Mobula,Mobula birostris,138,EN,0,1000,1792,DW,700,203928582,Mobula birostris,626,0.838140095,10.87788832,-24.99564739,-0.14669884,-0.68888382,25.00556878,69936.42824,Mottled,Diamond
Chondrichthyes,MYLIOBATIFORMES,MOBULIDAE,Mobula,Mobula eregoodoo,9,EN,0,50,1849,DW,130,2775418,NA,NA,NA,NA,NA,NA,NA,NA,32538.47736,NA,NA
Chondrichthyes,MYLIOBATIFORMES,MOBULIDAE,Mobula,Mobula hypostoma,13,EN,0,100,1831,DW,230,18187156,Mobula hypostoma,627,0.156157367,1.752306929,-17.68039616,6.08967199,-1.621342662,18.76990317,33638.98722,None,Diamond
Chondrichthyes,MYLIOBATIFORMES,MOBULIDAE,Mobula,Mobula kuhlii,22,EN,0,50,1841,DW,135,10281670,Mobula kuhlii,628,0.174136388,3.012431271,-17.43619838,1.998406186,0.422791782,17.55543773,30717.91832,None,Diamond
Chondrichthyes,MYLIOBATIFORMES,MOBULIDAE,Mobula,Mobula mobular,103,EN,0,1112,1788,DW,350,200687752,Mobula mobular,629,1.201213887,5.122324488,-27.99808801,4.740667944,-2.470143938,28.50383265,73187.61949,Mottled,Diamond
Chondrichthyes,MYLIOBATIFORMES,MOBULIDAE,Mobula,Mobula munkiana,16,VU,0,30,1987,DW,110,12474590,Mobula munkiana,630,0.406968392,4.560821206,-24.61515551,-0.192292934,-3.972223029,24.93434205,2205.456483,Mottled,Diamond
Chondrichthyes,MYLIOBATIFORMES,MOBULIDAE,Mobula,Mobula tarapacana,41,EN,0,1896,1892,DW,370,216571767,Mobula tarapacana,631,0.392809209,2.767766589,-15.24630501,6.060720527,-0.505288963,16.41455046,69645.21542,None,Diamond
Chondrichthyes,MYLIOBATIFORMES,MOBULIDAE,Mobula,Mobula thurstoni,39,EN,0,100,1908,DW,220,213440229,Mobula thurstoni,632,0.300908008,2.451716383,-31.85408487,-2.437982481,-1.911664906,32.00438945,71270.63672,None,Diamond
Chondrichthyes,MYLIOBATIFORMES,MYLIOBATIDAE,Myliobatis,Myliobatis aquila,40,CR,0,537,1758,DW,260,2381925,Myliobatis aquila,601,0.748297754,0.888792649,-0.988309522,-8.75567885,-4.473792741,9.881978006,13539.54532,None,Diamond
Chondrichthyes,MYLIOBATIFORMES,MYLIOBATIDAE,Myliobatis,Myliobatis californicus,36,LC,0,180,1865,DW,180,534344,Myliobatis californicus,602,0.104643768,0.614635562,-4.910945386,-3.060465881,-6.421007733,8.643678401,22727.24669,None,Diamond
Chondrichthyes,MYLIOBATIFORMES,MYLIOBATIDAE,Myliobatis,Myliobatis chilensis,8,VU,0,100,1892,DW,200,27620,Myliobatis chilensis,603,1.242117416,3.284880142,-6.224419902,-6.487257353,1.746988996,9.158596052,511.534199,None,Diamond
Chondrichthyes,MYLIOBATIFORMES,MYLIOBATIDAE,Myliobatis,Myliobatis freminvillei,11,VU,0,122,1824,DW,106,1584412,Myliobatis freminvillei,604,2.149887053,4.132178637,-2.649405263,-10.78549199,2.291447269,11.34005804,26743.10858,Spotted,Diamond
Chondrichthyes,MYLIOBATIFORMES,MYLIOBATIDAE,Myliobatis,Myliobatis goodei,19,VU,0,181,1885,DW,115,1852038,Myliobatis goodei,605,0.31597708,1.260420643,-3.866957553,-6.705557281,-5.688410222,9.606033001,28592.66294,None,Diamond
Chondrichthyes,MYLIOBATIFORMES,MYLIOBATIDAE,Myliobatis,Myliobatis hamlyni,3,NT,117,330,1911,DW,114,411747,Myliobatis hamlyni,606,2.026563248,6.159092241,-10.66169739,-8.449371672,-5.327574032,14.60981581,22614.1792,None,Diamond
Chondrichthyes,MYLIOBATIFORMES,MYLIOBATIDAE,Myliobatis,Myliobatis longirostris,6,VU,0,65,1964,DW,95,104279,Myliobatis longirostris,607,0.421703165,2.267544561,-7.532370495,-7.789216691,-1.8969822,11.00032015,2205.456483,None,Diamond
Chondrichthyes,MYLIOBATIFORMES,MYLIOBATIDAE,Myliobatis,Myliobatis peruvianus,4,VU,0,50,1913,DW,131,7028,Myliobatis peruvianus,608,1.860325269,3.141312871,-0.985482937,-7.306095488,-4.921359685,8.863971404,511.534199,None,Diamond
Chondrichthyes,MYLIOBATIFORMES,MYLIOBATIDAE,Myliobatis,Myliobatis ridens,5,CR,5,47,2012,DW,70,183262,Myliobatis ridens,609,6.622859918,5.276604708,-4.624609738,-6.143047889,-4.028642806,8.680669067,2534.86601,None,Diamond
Chondrichthyes,MYLIOBATIFORMES,MYLIOBATIDAE,Myliobatis,Myliobatis tenuicaudatus,22,LC,0,422,1877,DW,160,1275559,Myliobatis tenuicaudatus,610,8.900355487,4.948616978,15.23470032,-14.21866525,-9.761205361,23.01190269,1623.284386,Mottled,Diamond
Chondrichthyes,MYLIOBATIFORMES,MYLIOBATIDAE,Myliobatis,Myliobatis tobijei,5,VU,0,60,1854,DW,102,506394,Myliobatis tobijei,611,2.346348761,5.073404885,-6.644127861,-21.81969694,-7.471131697,24.00127952,23072.19295,None,Diamond
Chondrichthyes,TORPEDINIFORMES,NARCINIDAE,Narcine,Narcine atzi,3,VU,0,30,2003,TL,42,57516,Narcine atzi,77,1.964444674,8.679171626,-7.758451372,-1.521609781,1.430399376,8.034606798,3752.088663,Other,Spade
Chondrichthyes,TORPEDINIFORMES,NARCINIDAE,Narcine,Narcine baliensis,2,NT,60,62,2016,TL,31,8918,Narcine baliensis,78,4.513194007,6.484439813,-3.714973122,-0.951989463,-2.990726345,4.863306829,1089.077357,Spotted,Spade
Chondrichthyes,TORPEDINIFORMES,NARCINIDAE,Narcine,Narcine bancroftii,11,LC,0,37,1834,TL,65,1463803,Narcine bancroftii,79,1.579373081,6.642800067,3.980449703,-2.643315867,3.277287272,5.794109981,30906.50656,Spotted,Spade
Chondrichthyes,TORPEDINIFORMES,NARCINIDAE,Narcine,Narcine brasiliensis,49,NT,6,60,1831,TL,45,215036,Narcine brasiliensis,80,0.841939945,7.57889369,1.467581231,4.664177719,2.456914508,5.472182139,2534.86601,Spotted,Spade
Chondrichthyes,TORPEDINIFORMES,NARCINIDAE,Narcine,Narcine brevilabiata,1,VU,41,70,1966,TL,32,248671,Narcine brevilabiata,81,1.278679078,6.518445005,-12.06284133,2.260635402,-0.736663908,12.29492933,16449.00142,Other,Spade
Chondrichthyes,TORPEDINIFORMES,NARCINIDAE,Narcine,Narcine entemedor,25,VU,0,100,1895,TL,93,160437,Narcine entemedor,82,1.021852176,3.961718113,2.508036947,4.392713891,0.536445136,5.086645067,2205.456483,Spotted,Spade
Chondrichthyes,TORPEDINIFORMES,NARCINIDAE,Narcine,Narcine insolita,1,DD,150,175,2002,TL,36,48,Narcine insolita,83,2.47427127,3.590517963,11.00924842,-1.889740609,0.945431225,11.21019672,13.93234898,Spotted,Spade
Chondrichthyes,TORPEDINIFORMES,NARCINIDAE,Narcine,Narcine leoparda,4,VU,1,35,2001,TL,30,6316,Narcine leoparda,84,1.607079068,7.277347269,2.818114607,-0.927390003,3.396254395,4.50958602,428.1071847,Spotted,Disc
Chondrichthyes,TORPEDINIFORMES,NARCINIDAE,Narcine,Narcine lingula,0,VU,1,200,1846,TL,35,285502,Narcine lingula,85,1.795523833,5.958703894,-3.587707836,2.276609308,0.055296935,4.249429986,24530.75413,Spotted,Disc
Chondrichthyes,TORPEDINIFORMES,NARCINIDAE,Narcine,Narcine maculata,8,VU,30,80,1804,TL,40,410551,Narcine maculata,86,2.228628686,5.802767613,-5.082796594,2.288752295,0.409225552,5.589335724,21105.8036,Spotted,Spade
Chondrichthyes,TORPEDINIFORMES,NARCINIDAE,Narcine,Narcine oculifera,4,DD,21,152,2002,TL,35,66438,Narcine oculifera,87,0.788296658,3.490898899,2.813802897,2.331764869,0.907691108,3.765437199,96.33403654,None,Spade
Chondrichthyes,TORPEDINIFORMES,NARCINIDAE,Narcine,Narcine prodorsalis,0,EN,0,100,1966,TL,40,657152,Narcine prodorsalis,88,2.09712961,5.976671339,-4.860940387,-0.791974739,1.547740661,5.162505844,19065.4049,Spotted,Spade
Chondrichthyes,TORPEDINIFORMES,NARCINIDAE,Narcine,Narcine rierai,1,DD,170,500,1991,TL,30,31580,Narcine rierai,89,2.161541121,5.240165013,9.183364384,-2.912079166,2.526502224,9.959799193,188.5478219,None,Disc
Chondrichthyes,TORPEDINIFORMES,NARCINIDAE,Narcine,Narcine timlei,10,VU,5,50,1801,TL,36,875179,Narcine timlei,90,1.884033142,4.644338593,6.09732338,-2.670520772,3.942782825,7.736573531,21110.81357,None,Spade
Chondrichthyes,TORPEDINIFORMES,NARCINIDAE,Narcine,Narcine vermiculata,5,LC,0,100,1928,TL,30,82211,Narcine vermiculata,91,2.829826119,8.957228898,0.187338913,-1.886644217,6.16526761,6.450197436,1485.529978,Other,Spade
Chondrichthyes,TORPEDINIFORMES,NARCINIDAE,Narcinops,Narcinops lasti,0,LC,180,320,2002,TL,37,496473,Narcinops lasti,92,1.587512114,2.601930543,13.42104765,1.494455061,3.635700307,13.98485726,1410.266438,None,Spade
Chondrichthyes,TORPEDINIFORMES,NARCINIDAE,Narcinops,Narcinops nelsoni,0,LC,140,540,2008,TL,35,330562,Narcinops nelsoni,93,2.10736341,3.871029849,19.45584664,7.272905261,2.2876873,20.89637845,1410.266438,None,Spade
Chondrichthyes,TORPEDINIFORMES,NARCINIDAE,Narcinops,Narcinops ornata,0,LC,48,132,2008,TL,24,921565,Narcinops ornata,94,4.442031652,12.42977083,6.989558004,3.060591505,9.867514436,12.47353128,1410.266438,Mottled,Disc
Chondrichthyes,TORPEDINIFORMES,NARCINIDAE,Narcinops,Narcinops tasmaniensis,4,LC,0,640,1841,TL,47,618484,Narcinops tasmaniensis,95,1.976650765,4.455500907,1.33341069,-1.382034574,1.106325915,2.216294353,1410.266438,None,Spade
Chondrichthyes,TORPEDINIFORMES,NARCINIDAE,Narcinops,Narcinops westraliensis,0,LC,10,70,1966,TL,29,147974,Narcinops westraliensis,96,2.794767346,7.999925342,9.187168115,-1.317388702,9.675322901,13.40714154,1410.266438,Lined,Spade
Chondrichthyes,TORPEDINIFORMES,NARKIDAE,Narke,Narke capensis,1,LC,3,115,1789,TL,38,187080,Narke capensis,101,0.607917646,4.570473508,-8.017001333,-0.189730554,-0.244795813,8.022981556,399.3217724,None,Spade
Chondrichthyes,TORPEDINIFORMES,NARKIDAE,Narke,Narke dipterygia,1,VU,0,100,1801,TL,35,2026682,Narke dipterygia,102,3.808149592,6.057792151,-2.369544923,-6.520197728,4.896477335,8.491361013,27299.75087,Spotted,Spade
Chondrichthyes,TORPEDINIFORMES,NARKIDAE,Narke,Narke japonica,52,VU,12,140,1850,TL,37,575690,Narke japonica,103,1.898235977,3.891261978,3.390965153,-3.143880009,4.125938466,6.197257007,21396.97106,None,Spade
Chondrichthyes,RAJIFORMES,RAJIDAE,Neoraja,Neoraja africana,0,LC,900,1550,1983,TL,30.4,17166,Neoraja africana,212,0.14441966,1.243730973,-3.242321193,6.401440632,0.029930844,7.175791576,145.0015729,None,Spade
Chondrichthyes,RAJIFORMES,RAJIDAE,Neoraja,Neoraja caerulea,1,LC,600,1260,1976,TL,32,210567,Neoraja caerulea,213,2.268501572,9.826864726,-12.00335421,12.78880337,-4.428799923,18.09000478,7491.220432,Other,Spade
Chondrichthyes,RAJIFORMES,RAJIDAE,Neoraja,Neoraja carolinensis,0,LC,695,1010,1984,TL,29,22369,Neoraja carolinensis,214,0.688932419,1.910507182,8.047782787,9.028737289,-1.087391123,12.14361249,21447.0435,None,Spade
Chondrichthyes,RAJIFORMES,RAJIDAE,Neoraja,Neoraja iberica,4,LC,270,670,2008,TL,32.7,222749,Neoraja iberica,215,2.712373201,9.48563345,10.24950644,5.018469749,5.162620842,12.52557683,1658.674031,Other,Spade
Chondrichthyes,RAJIFORMES,RAJIDAE,Neoraja,Neoraja stehmanni,0,LC,100,1025,1972,TL,38,125230,Neoraja stehmanni,216,1.242365391,4.281406531,-4.194693254,3.92168697,3.281834603,6.614039503,385.3894234,Spotted,Spade
Chondrichthyes,MYLIOBATIFORMES,DASYATIDAE,Neotrygon,Neotrygon annotata,3,NT,12,62,1987,DW,45,522244,Neotrygon annotata,480,0.518020984,4.423570732,0.654067046,1.994698204,-1.171899128,2.404157273,1434.696641,Mottled,Rhombus
Chondrichthyes,MYLIOBATIFORMES,DASYATIDAE,Neotrygon,Neotrygon australiae,3,NT,0,90,2016,DW,38,1258146,Neotrygon australiae,481,8.091024775,5.388089427,18.46331472,0.90532813,-6.375658842,19.5540951,2525.730906,Spotted,Rhombus
Chondrichthyes,MYLIOBATIFORMES,DASYATIDAE,Neotrygon,Neotrygon caeruleopunctata,3,LC,0,100,2016,DW,47,876268,Neotrygon caeruleopunctata,482,8.849831701,6.711331801,12.07166189,-0.92980441,-7.523467512,14.25454736,6706.411736,Spotted,Rhombus
Chondrichthyes,MYLIOBATIFORMES,DASYATIDAE,Neotrygon,Neotrygon kuhlii,65,DD,NA,NA,1841,DW,30,354625,Neotrygon kuhlii,483,7.847821796,5.275016676,11.04701082,-4.959528107,-7.786141548,14.39643592,1.55125325,None,Rhombus
Chondrichthyes,MYLIOBATIFORMES,DASYATIDAE,Neotrygon,Neotrygon leylandi,3,LC,15,200,1987,DW,27,187947,Neotrygon leylandi,484,0.829425685,6.259633543,3.425737027,0.49951582,4.496431905,5.674776657,1410.266438,Mottled,Rhombus
Chondrichthyes,MYLIOBATIFORMES,DASYATIDAE,Neotrygon,Neotrygon ningalooensis,0,DD,0,5,2010,DW,30,3269,Neotrygon ningalooensis,485,2.687510066,8.321620177,9.694060167,8.948471497,0.335426093,13.19706237,1410.266438,Mottled,Rhombus
Chondrichthyes,MYLIOBATIFORMES,DASYATIDAE,Neotrygon,Neotrygon orientalis,4,LC,0,100,2016,DW,38,1421029,Neotrygon orientalis,486,12.77708561,6.831279685,12.03900874,-4.837420025,-12.90228831,18.29774324,16988.79947,Spotted,Rhombus
Chondrichthyes,MYLIOBATIFORMES,DASYATIDAE,Neotrygon,Neotrygon picta,2,LC,5,100,2008,DW,32,842112,Neotrygon picta,487,2.191281838,9.069495661,6.163596996,-2.941485034,5.979090076,9.076991808,1434.696641,Spotted,Rhombus
Chondrichthyes,MYLIOBATIFORMES,DASYATIDAE,Neotrygon,Neotrygon trigonoides,7,LC,0,50,1873,DW,47,218646,Neotrygon trigonoides,488,5.544077808,5.270729087,24.14180314,-1.146528816,-3.114422524,24.36884927,1419.73158,Spotted,Rhombus
Chondrichthyes,MYLIOBATIFORMES,DASYATIDAE,Neotrygon,Neotrygon varidens,4,LC,0,100,1885,DW,33,1423551,Neotrygon varidens,489,2.08263493,5.877471964,5.294148466,4.664925794,0.045246434,7.056315461,17108.92178,Spotted,Rhombus
Chondrichthyes,RAJIFORMES,ARHYNCHOBATIDAE,Notoraja,Notoraja alisae,0,LC,800,1500,2012,TL,84,361151,Notoraja alisae,349,0.788750161,5.266589266,-2.333964368,1.157060904,1.815487461,3.175243979,223.4087174,None,Spade
Chondrichthyes,RAJIFORMES,ARHYNCHOBATIDAE,Notoraja,Notoraja azurea,1,LC,765,1440,2008,TL,64.5,87867,Notoraja azurea,350,3.671539182,3.746939436,-19.38085337,20.32630987,1.742912145,28.13919141,1410.266438,Other,Spade
Chondrichthyes,RAJIFORMES,ARHYNCHOBATIDAE,Notoraja,Notoraja fijiensis,0,LC,567,699,2012,TL,39,14440,Notoraja fijiensis,351,1.890194691,4.879886638,1.931043846,0.262952547,2.383773707,3.079034177,5.161486362,None,Spade
Chondrichthyes,RAJIFORMES,ARHYNCHOBATIDAE,Notoraja,Notoraja hesperindica,1,LC,1230,1600,2021,TL,NA,4551,NA,NA,NA,NA,NA,NA,NA,NA,29.77275624,NA,NA
Chondrichthyes,RAJIFORMES,ARHYNCHOBATIDAE,Notoraja,Notoraja hirticauda,0,DD,500,760,2006,TL,44.8,131412,Notoraja hirticauda,352,1.5987772,4.672068588,19.70345479,12.59209669,0.107419158,23.38372444,1410.266438,None,Spade
Chondrichthyes,RAJIFORMES,ARHYNCHOBATIDAE,Notoraja,Notoraja inusitata,1,LC,807,844,2012,TL,44,96206,Notoraja inusitata,353,1.7262189,7.147002909,-8.915589818,1.240293832,-0.616739067,9.022551616,0.925627088,None,Spade
Chondrichthyes,RAJIFORMES,ARHYNCHOBATIDAE,Notoraja,Notoraja lira,0,DD,1050,1050,2008,TL,41.5,NA,Notoraja lira,354,0.951669994,5.198074278,3.086630088,14.2617736,-0.348578733,14.59612889,NA,Mottled,Spade
Chondrichthyes,RAJIFORMES,ARHYNCHOBATIDAE,Notoraja,Notoraja longiventralis,0,LC,660,953,2012,TL,43,146190,Notoraja longiventralis,355,1.099099917,4.380592119,-5.254853937,1.014443565,2.637259391,5.966382718,6.08711345,None,Spade
Chondrichthyes,RAJIFORMES,ARHYNCHOBATIDAE,Notoraja,Notoraja martinezi,3,LC,1256,1472,2016,TL,48,12511,NA,NA,NA,NA,NA,NA,NA,NA,558.8825343,NA,NA
Chondrichthyes,RAJIFORMES,ARHYNCHOBATIDAE,Notoraja,Notoraja ochroderma,0,DD,400,450,1994,TL,37,11808,Notoraja ochroderma,356,2.28592593,3.866227637,19.04182404,4.337547359,0.987885277,19.55457229,1410.266438,None,Spade
Chondrichthyes,RAJIFORMES,ARHYNCHOBATIDAE,Notoraja,Notoraja sapphira,2,DD,1195,1313,2009,TL,41.3,91759,Notoraja sapphira,357,1.681578494,3.520973263,-19.32974122,11.12615071,0.252261043,22.30456816,222.4830903,None,Spade
Chondrichthyes,RAJIFORMES,ARHYNCHOBATIDAE,Notoraja,Notoraja sereti,1,LC,800,980,2017,TL,45.9,105,NA,NA,NA,NA,NA,NA,NA,NA,24.43020337,NA,NA
Chondrichthyes,RAJIFORMES,ARHYNCHOBATIDAE,Notoraja,Notoraja sticta,0,LC,820,1200,2008,TL,63,16956,Notoraja sticta,358,1.231268948,11.69209054,-1.010240519,8.581461648,-4.369189814,9.682555941,1410.266438,Mottled,Spade
Chondrichthyes,RAJIFORMES,ARHYNCHOBATIDAE,Notoraja,Notoraja tobitukai,3,LC,60,1015,1940,TL,51,120082,Notoraja tobitukai,359,0.136275521,3.983638549,-6.382847758,8.923441541,-2.499280938,11.2523313,19745.54813,None,Spade
Chondrichthyes,RAJIFORMES,RAJIDAE,Okamejei,Okamejei acutispina,3,VU,20,175,1958,TL,45,598091,Okamejei acutispina,217,3.202744589,13.10121655,-3.721773434,3.605615255,6.410325978,8.242835556,21396.97106,Other,Rhombus
Chondrichthyes,RAJIFORMES,RAJIDAE,Okamejei,Okamejei arafurensis,0,LC,179,298,2008,TL,50,366915,Okamejei arafurensis,218,0.764763941,4.354774727,9.9773335,6.248511972,2.925254459,12.13046575,1410.266438,None,Rhombus
Chondrichthyes,RAJIFORMES,RAJIDAE,Okamejei,Okamejei boesemani,2,VU,20,175,1987,TL,55,1051612,Okamejei boesemani,219,1.985437414,5.668319073,9.039131087,-1.175240288,-1.066381853,9.177377119,21737.46157,Spotted,Spade
Chondrichthyes,RAJIFORMES,RAJIDAE,Okamejei,Okamejei cairae,1,VU,65,150,2010,TL,39,137896,Okamejei cairae,220,0.483470476,7.693155945,-9.091105102,4.094686224,0.856609505,10.0074186,1464.578712,Spotted,Spade
Chondrichthyes,RAJIFORMES,RAJIDAE,Okamejei,Okamejei heemstrai,0,LC,200,500,1982,TL,61,16753,Okamejei heemstrai,221,0.689539331,2.134602575,3.367021557,-1.034218631,2.327483499,4.221803143,179.9061131,Spotted,Rhombus
Chondrichthyes,RAJIFORMES,RAJIDAE,Okamejei,Okamejei hollandi,7,VU,65,87,1909,TL,45,100900,Okamejei hollandi,222,2.250320709,9.750587257,0.606771684,-3.489977727,6.670172224,7.552437614,16952.64712,Spotted,Rhombus
Chondrichthyes,RAJIFORMES,RAJIDAE,Okamejei,Okamejei kenojei,52,VU,20,230,1841,TL,65,897584,Okamejei kenojei,223,1.476372601,4.408394518,2.769134312,-0.852425747,1.538132915,3.280333422,23072.19295,Spotted,Spade
Chondrichthyes,RAJIFORMES,RAJIDAE,Okamejei,Okamejei leptoura,0,LC,202,735,2008,TL,55.5,292030,Okamejei leptoura,224,1.588261994,5.852167189,17.03013139,12.47049278,2.043604284,21.20648212,2499.343795,None,Rhombus
Chondrichthyes,RAJIFORMES,RAJIDAE,Okamejei,Okamejei meerdervoortii,0,VU,30,150,1860,TL,38,368234,Okamejei meerdervoortii,225,2.865472103,11.9695767,-0.563490431,-6.528764364,4.368484709,7.875655163,19745.54813,Mottled,Spade
Chondrichthyes,RAJIFORMES,RAJIDAE,Okamejei,Okamejei mengae,1,DD,NA,NA,2007,TL,30,NA,Okamejei mengae,226,0.254136802,2.184346851,-4.678579581,-0.178746462,0.577176766,4.717434707,14778.29063,None,Rhombus
Chondrichthyes,RAJIFORMES,RAJIDAE,Okamejei,Okamejei ornata,1,LC,375,390,2015,TL,51,106096,Okamejei ornata,227,3.443135835,4.623582749,3.095208767,-0.200855291,-1.228275076,3.336063522,29.08002716,Other,Rhombus
Chondrichthyes,RAJIFORMES,RAJIDAE,Okamejei,Okamejei panayensis,1,DD,NA,NA,2022,TL,NA,NA,NA,NA,NA,NA,NA,NA,NA,NA,369.2872738,NA,NA
Chondrichthyes,RAJIFORMES,RAJIDAE,Okamejei,Okamejei picta,1,DD,300,300,2023,TL,NA,343,NA,NA,NA,NA,NA,NA,NA,NA,14778.29063,NA,NA
Chondrichthyes,RAJIFORMES,RAJIDAE,Okamejei,Okamejei schmidti,0,VU,20,60,1958,TL,52,4885,Okamejei schmidti,228,0.953711682,6.251440787,-3.439195215,-0.180001253,1.743621393,3.86013986,4967.257498,Other,Spade
Chondrichthyes,RAJIFORMES,RAJIDAE,Orbiraja,Orbiraja jensenae,1,NT,110,118,2010,TL,53,520,Orbiraja jensenae,229,1.383789594,7.251190642,-4.17859052,-6.030840065,0.87672064,7.389200883,731.2705572,Spotted,Rhombus
Chondrichthyes,RAJIFORMES,RAJIDAE,Orbiraja,Orbiraja philipi,0,DD,240,240,1906,TL,36,NA,Orbiraja philipi,230,1.271045339,1.883686756,7.418878124,-2.232528078,5.008247685,9.225317291,40.83822982,Spotted,Rhombus
Chondrichthyes,RAJIFORMES,RAJIDAE,Orbiraja,Orbiraja powelli,4,NT,17,462,1898,TL,53,399444,Orbiraja powelli,231,3.376557136,8.747433897,-14.56696933,-5.842586507,11.33398542,19.3595361,3286.703408,Mottled,Rhombus
Chondrichthyes,MYLIOBATIFORMES,POTAMOTRYGONIDAE,Paratrygon,Paratrygon aiereba,28,DD,NA,NA,1841,DW,NA,5531609,Paratrygon aiereba,517,3.467250975,9.262149535,-0.973446858,-6.13935371,-6.436721981,8.94822064,2267.249837,Mottled,Disc
Chondrichthyes,MYLIOBATIFORMES,DASYATIDAE,Pastinachus,Pastinachus ater,54,VU,0,60,1883,DW,200,3821128,Pastinachus ater,490,0.270926753,3.019499206,-14.26185387,3.000850038,-0.693071391,14.59061084,10347.37462,None,Rhombus
Chondrichthyes,MYLIOBATIFORMES,DASYATIDAE,Pastinachus,Pastinachus gracilicaudus,1,EN,0,60,2010,DW,83,944669,Pastinachus gracilicaudus,491,0.593684101,5.305384206,-17.48066777,3.160918489,0.842482881,17.78412013,5542.974803,None,Rhombus
Chondrichthyes,MYLIOBATIFORMES,DASYATIDAE,Pastinachus,Pastinachus sephen,38,NT,0,60,1775,DW,89,1948020,Pastinachus sephen,492,0.398278923,1.655594184,1.319178427,9.198746276,-1.45051586,9.405379367,6011.076392,None,Rhombus
Chondrichthyes,MYLIOBATIFORMES,DASYATIDAE,Pastinachus,Pastinachus solocirostris,5,EN,0,30,2005,DW,72,199163,Pastinachus solocirostris,493,0.232952473,4.583097911,-11.9181832,4.027589591,-2.152469546,12.76313809,2344.549851,None,Rhombus
Chondrichthyes,MYLIOBATIFORMES,DASYATIDAE,Pastinachus,Pastinachus stellurostris,0,CR,NA,NA,2010,DW,43,NA,Pastinachus stellurostris,494,1.108407746,7.390735052,-15.06021604,-3.121047846,-2.319542537,15.55414171,1592.405641,None,Rhombus
Chondrichthyes,MYLIOBATIFORMES,DASYATIDAE,Pateobatis,Pateobatis bleekeri,2,EN,0,40,1860,DW,119,403100,Pateobatis bleekeri,495,0.825545053,1.971101589,-2.779541737,2.145644265,-1.821127588,3.955521113,5954.25354,None,Rhombus
Chondrichthyes,MYLIOBATIFORMES,DASYATIDAE,Pateobatis,Pateobatis fai,31,VU,0,70,1906,DW,186,3715422,Pateobatis fai,496,0.203916522,2.658800259,0.479556441,12.91385669,3.176863429,13.30752157,19200.80568,None,Rhombus
Chondrichthyes,MYLIOBATIFORMES,DASYATIDAE,Pateobatis,Pateobatis hortlei,2,NT,0,40,2006,DW,70,204864,Pateobatis hortlei,497,1.961683636,2.988219356,23.12087989,-9.961004215,4.437970527,25.56349495,2523.773998,None,Rhombus
Chondrichthyes,MYLIOBATIFORMES,DASYATIDAE,Pateobatis,Pateobatis jenkinsii,11,EN,0,90,1909,DW,150,4599473,Pateobatis jenkinsii,498,0.521598528,3.2683576,-10.50267032,5.107813071,-5.470051304,12.89640645,25515.71742,None,Rhombus
Chondrichthyes,MYLIOBATIFORMES,DASYATIDAE,Pateobatis,Pateobatis uarnacoides,6,EN,0,75,1852,DW,119,1987036,Pateobatis uarnacoides,499,3.664187539,3.460249445,6.325290591,-6.682377903,8.159423842,12.29795401,3178.745843,None,Rhombus
Chondrichthyes,RAJIFORMES,ARHYNCHOBATIDAE,Pavoraja,Pavoraja alleni,0,LC,305,460,1982,TL,34.9,314653,Pavoraja alleni,360,1.226830856,3.636532136,26.31545107,5.623148529,-1.04346761,26.92975286,1410.266438,Mottled,Spade
Chondrichthyes,RAJIFORMES,ARHYNCHOBATIDAE,Pavoraja,Pavoraja arenaria,1,DD,190,710,2008,TL,34.3,324250,Pavoraja arenaria,361,1.946709486,9.070911878,-7.487338345,-3.073326575,2.646476149,8.515245606,1410.266438,Mottled,Spade
Chondrichthyes,RAJIFORMES,ARHYNCHOBATIDAE,Pavoraja,Pavoraja mosaica,0,LC,300,405,2008,TL,28,143900,Pavoraja mosaica,362,5.716004373,13.43946445,3.503074307,-6.932555119,-5.260226963,9.380929473,1410.266438,Other,Spade
Chondrichthyes,RAJIFORMES,ARHYNCHOBATIDAE,Pavoraja,Pavoraja nitida,5,LC,75,450,1880,TL,36.8,640309,Pavoraja nitida,363,2.581008697,10.46073638,-1.032359279,-6.603143858,6.063507672,9.024045644,1410.266438,Other,Spade
Chondrichthyes,RAJIFORMES,ARHYNCHOBATIDAE,Pavoraja,Pavoraja pseudonitida,0,LC,210,510,2008,TL,37,143900,Pavoraja pseudonitida,364,2.833153508,6.489868344,10.86027294,4.445407706,2.103839817,11.92196796,1410.266438,Spotted,Spade
Chondrichthyes,RAJIFORMES,ARHYNCHOBATIDAE,Pavoraja,Pavoraja umbrosa,0,LC,360,730,2008,TL,36.9,84451,Pavoraja umbrosa,365,1.386027266,8.063578932,-9.292762121,0.035893801,3.268167315,9.850768183,1410.266438,Mottled,Spade
Chondrichthyes,TORPEDINIFORMES,PLATYRHINIDAE,Platyrhina,Platyrhina hyugaensis,1,VU,1,100,2011,TL,43,5633,Platyrhina hyugaensis,60,2.775994413,6.656794024,0.411616164,-1.6987371,1.153470003,2.094189258,4967.257498,None,Spade
Chondrichthyes,TORPEDINIFORMES,PLATYRHINIDAE,Platyrhina,Platyrhina psomadakisi,1,NT,60,160,2016,TL,38,75032,Platyrhina psomadakisi,61,2.465442369,4.352095562,11.71722726,-1.325852286,1.424293101,11.87770642,569.8797387,Mottled,Spade
Chondrichthyes,TORPEDINIFORMES,PLATYRHINIDAE,Platyrhina,Platyrhina sinensis,9,EN,0,50,1801,TL,55,33700,Platyrhina sinensis,62,1.565952133,4.380004944,1.142942731,-6.233177835,1.362572438,6.481930859,15118.78114,None,Spade
Chondrichthyes,TORPEDINIFORMES,PLATYRHINIDAE,Platyrhina,Platyrhina tangi,4,VU,10,100,2011,TL,68,732111,Platyrhina tangi,63,2.075572981,5.3491463,1.813387588,3.140691817,0.763712426,3.706153843,21737.46157,None,Spade
Chondrichthyes,TORPEDINIFORMES,PLATYRHINIDAE,Platyrhinoidis,Platyrhinoidis triseriata,24,LC,6,137,1880,TL,91,385342,Platyrhinoidis triseriata,64,1.197743215,3.287824157,-3.120840338,8.464243379,-2.172725797,9.279213209,22727.24669,None,Spade
Chondrichthyes,MYLIOBATIFORMES,PLESIOBATIDAE,Plesiobatis,Plesiobatis daviesi,4,LC,44,680,1967,DW,270,1189136,Plesiobatis daviesi,565,2.350354863,5.964297378,-2.255886376,-0.274823115,-0.591097465,2.348179571,49846.19858,None,Rhombus
Chondrichthyes,MYLIOBATIFORMES,POTAMOTRYGONIDAE,Plesiotrygon,Plesiotrygon iwamae,9,VU,NA,NA,1987,DW,NA,506028,Plesiotrygon iwamae,518,3.596613614,9.447945875,-0.137575573,-4.476618748,-0.251071508,4.485764077,2547.681124,Spotted,Disc
Chondrichthyes,MYLIOBATIFORMES,POTAMOTRYGONIDAE,Plesiotrygon,Plesiotrygon nana,1,NT,NA,NA,2011,DW,NA,38665,Plesiotrygon nana,519,2.213290727,7.081711116,6.069684729,-4.384909253,-0.479325762,7.503216314,2440.352107,Spotted,Disc
Chondrichthyes,MYLIOBATIFORMES,POTAMOTRYGONIDAE,Potamotrygon,Potamotrygon adamastor,1,LC,NA,NA,2017,DW,NA,542,NA,NA,NA,NA,NA,NA,NA,NA,1895.111052,NA,NA
Chondrichthyes,MYLIOBATIFORMES,POTAMOTRYGONIDAE,Potamotrygon,Potamotrygon amandae,8,LC,NA,NA,2013,DW,NA,149626,Potamotrygon amandae,521,2.750976872,3.3703047,-9.880538777,-3.16946152,-0.325803215,10.38155483,2551.072749,Spotted,Disc
Chondrichthyes,MYLIOBATIFORMES,POTAMOTRYGONIDAE,Potamotrygon,Potamotrygon amazona,2,LC,NA,NA,2017,DW,NA,1263,NA,NA,NA,NA,NA,NA,NA,NA,1895.111052,NA,NA
Chondrichthyes,MYLIOBATIFORMES,POTAMOTRYGONIDAE,Potamotrygon,Potamotrygon boesemani,2,NT,NA,NA,2008,DW,NA,23871,Potamotrygon boesemani,522,7.656597545,11.08521191,-28.02919553,-7.236468156,-0.067128841,28.94834676,9.014149709,Spotted,Disc
Chondrichthyes,MYLIOBATIFORMES,POTAMOTRYGONIDAE,Potamotrygon,Potamotrygon brachyura,4,DD,NA,NA,1880,DW,NA,1368188,Potamotrygon brachyura,523,8.440938466,9.098813119,-2.773394663,-11.31448828,-4.829280959,12.61076198,2574.340025,Mottled,Disc
Chondrichthyes,MYLIOBATIFORMES,POTAMOTRYGONIDAE,Potamotrygon,Potamotrygon castexi,3,DD,NA,NA,1969,DW,NA,1100686,NA,NA,NA,NA,NA,NA,NA,NA,2510.725869,NA,NA
Chondrichthyes,MYLIOBATIFORMES,POTAMOTRYGONIDAE,Potamotrygon,Potamotrygon constellata,0,DD,NA,NA,1880,DW,NA,433288,Potamotrygon constellata,524,5.088152715,4.302146665,3.432984553,-8.97415335,1.072501701,9.668043814,2323.218236,Mottled,Disc
Chondrichthyes,MYLIOBATIFORMES,POTAMOTRYGONIDAE,Potamotrygon,Potamotrygon falkneri,30,DD,NA,NA,1963,DW,NA,753916,Potamotrygon falkneri,525,4.037831451,8.44215783,-18.93180893,-1.473016763,5.045654879,19.64794648,2574.340025,Spotted,Disc
Chondrichthyes,MYLIOBATIFORMES,POTAMOTRYGONIDAE,Potamotrygon,Potamotrygon henlei,2,LC,NA,NA,1855,DW,NA,245875,Potamotrygon henlei,526,8.638225821,11.31717226,-27.4598272,-7.008254169,4.2562513,28.65786823,1895.111052,Spotted,Disc
Chondrichthyes,MYLIOBATIFORMES,POTAMOTRYGONIDAE,Potamotrygon,Potamotrygon histrix,2,DD,NA,NA,1841,DW,NA,1666007,Potamotrygon histrix,527,2.09768116,4.641047867,-6.94333224,-2.491199495,-4.262985139,8.519916655,5667.330998,Spotted,Disc
Chondrichthyes,MYLIOBATIFORMES,POTAMOTRYGONIDAE,Potamotrygon,Potamotrygon humerosa,28,DD,NA,NA,1913,DW,NA,NA,Potamotrygon humerosa,528,3.865357112,5.057442382,-5.83990914,-5.236574867,-0.407626868,7.854451907,1895.111052,Spotted,Disc
Chondrichthyes,MYLIOBATIFORMES,POTAMOTRYGONIDAE,Potamotrygon,Potamotrygon leopoldi,14,VU,NA,NA,1970,DW,NA,110280,Potamotrygon leopoldi,530,0.993016698,7.372606948,-33.04234613,-0.540058555,1.072728075,33.0641656,1895.111052,Spotted,Disc
Chondrichthyes,MYLIOBATIFORMES,POTAMOTRYGONIDAE,Potamotrygon,Potamotrygon limai,1,NT,NA,NA,2014,DW,NA,5896,Potamotrygon limai,531,2.020090885,9.244445251,-17.28913928,-7.353784995,-3.030833132,19.03098632,1895.111052,Spotted,Disc
Chondrichthyes,MYLIOBATIFORMES,POTAMOTRYGONIDAE,Potamotrygon,Potamotrygon magdalenae,18,NT,NA,NA,1865,DW,NA,196803,Potamotrygon magdalenae,532,2.822431006,5.465815622,-19.25769936,-8.535226955,-3.90751381,21.42376596,320.7781672,Spotted,Disc
Chondrichthyes,MYLIOBATIFORMES,POTAMOTRYGONIDAE,Potamotrygon,Potamotrygon marinae,2,NT,NA,NA,2006,DW,NA,73765,Potamotrygon marinae,533,6.855542692,10.19427848,-13.83709548,-6.131194461,0.674359787,15.14963755,2755.876559,Mottled,Disc
Chondrichthyes,MYLIOBATIFORMES,POTAMOTRYGONIDAE,Potamotrygon,Potamotrygon motoro,110,DD,NA,NA,1841,DW,NA,1248085,Potamotrygon motoro,534,10.67727865,9.17743051,-7.563938453,-10.54293438,7.815916216,15.14777794,2510.725869,Spotted,Disc
Chondrichthyes,MYLIOBATIFORMES,POTAMOTRYGONIDAE,Potamotrygon,Potamotrygon ocellata,1,DD,NA,NA,1912,DW,NA,44932,Potamotrygon ocellata,535,7.321856191,8.750665958,-17.63678633,-8.298775804,3.981600938,19.89419659,1895.111052,Spotted,Disc
Chondrichthyes,MYLIOBATIFORMES,POTAMOTRYGONIDAE,Potamotrygon,Potamotrygon orbignyi,27,LC,NA,NA,1855,DW,NA,4809638,Potamotrygon orbignyi,536,4.946537145,7.459624119,-13.65677635,-4.626029822,0.144844379,14.41973204,4977.088286,Mottled,Disc
Chondrichthyes,MYLIOBATIFORMES,POTAMOTRYGONIDAE,Potamotrygon,Potamotrygon rex,3,NT,NA,NA,2016,DW,NA,100098,Potamotrygon rex,538,2.845415453,7.065286167,-27.8122522,-12.13450935,2.973473817,30.48949387,1895.111052,Spotted,Disc
Chondrichthyes,MYLIOBATIFORMES,POTAMOTRYGONIDAE,Potamotrygon,Potamotrygon schroederi,8,DD,NA,NA,1958,DW,NA,789813,Potamotrygon schroederi,539,11.51348606,14.65083734,-7.597607776,-19.42158888,0.72972395,20.86754072,1895.111052,Spotted,Disc
Chondrichthyes,MYLIOBATIFORMES,POTAMOTRYGONIDAE,Potamotrygon,Potamotrygon schuemacheri,0,DD,NA,NA,1964,DW,NA,291167,Potamotrygon schuhmacheri,540,3.565136606,6.279960794,-7.952389693,-3.745363275,-2.131474235,9.044967126,2510.725869,Spotted,Disc
Chondrichthyes,MYLIOBATIFORMES,POTAMOTRYGONIDAE,Potamotrygon,Potamotrygon scobina,8,DD,NA,NA,1913,DW,NA,1398865,Potamotrygon scobina,541,9.083196017,9.06163631,2.060846645,-16.92263107,-0.778696748,17.06542996,1895.111052,Spotted,Disc
Chondrichthyes,MYLIOBATIFORMES,POTAMOTRYGONIDAE,Potamotrygon,Potamotrygon signata,1,DD,NA,NA,1913,DW,NA,219890,Potamotrygon signata,542,8.11174481,11.75547041,0.185306689,-5.942744022,-8.690825397,10.53000433,1895.111052,Spotted,Disc
Chondrichthyes,MYLIOBATIFORMES,POTAMOTRYGONIDAE,Potamotrygon,Potamotrygon tigrina,2,EN,NA,NA,2011,DW,NA,1218,Potamotrygon tigrina,544,11.95456385,8.576246609,-0.467033303,-16.76564839,0.480112561,16.77902244,224.4628881,Spotted,Disc
Chondrichthyes,MYLIOBATIFORMES,POTAMOTRYGONIDAE,Potamotrygon,Potamotrygon yepezi,0,DD,NA,NA,1970,DW,NA,42612,Potamotrygon yepezi,546,2.295486703,3.681749751,-2.372984662,0.741573539,-1.432061919,2.869109419,320.7781672,Spotted,Disc
Chondrichthyes,RHINOPRISTIFORMES,PRISTIDAE,Pristis,Pristis clavata,21,CR,0,20,1906,TL,318,1092759,Pristis clavata,1,1.221890375,5.008291092,2.523005589,7.97254245,-2.719002549,8.793177195,8408.761402,None,Wedge
Chondrichthyes,RHINOPRISTIFORMES,PRISTIDAE,Pristis,Pristis pectinata,91,CR,0,122,1794,TL,554,2025769,Pristis pectinata,2,0.881039949,3.565304994,0.030144799,3.754098872,-6.16400852,7.217282597,31558.96943,None,Wedge
Chondrichthyes,RHINOPRISTIFORMES,PRISTIDAE,Pristis,Pristis pristis,91,CR,0,60,1758,TL,656,6406114,Pristis pristis,3,2.657618071,6.398415058,4.927467025,-1.303355852,-2.479484743,5.668025437,20066.43213,None,Wedge
Chondrichthyes,RHINOPRISTIFORMES,PRISTIDAE,Pristis,Pristis zijsron,35,CR,0,100,1851,TL,700,5794497,Pristis zijsron,4,0.658502043,5.008095888,3.23813074,3.299792699,-7.059495353,8.438637164,26305.22406,None,Wedge
Chondrichthyes,RAJIFORMES,ARHYNCHOBATIDAE,Psammobatis,Psammobatis bergi,7,LC,10,80,1932,TL,61,457800,Psammobatis bergi,366,0.373125872,7.527409023,-24.17018036,-4.043530799,2.094693849,24.59543661,2534.86601,Other,Spade
Chondrichthyes,RAJIFORMES,ARHYNCHOBATIDAE,Psammobatis,Psammobatis extenta,19,LC,13,160,1913,TL,35,858601,Psammobatis extenta,367,0.58679728,5.055751774,5.375817241,3.889107957,3.277247765,7.400332737,2534.86601,Other,Spade
Chondrichthyes,RAJIFORMES,ARHYNCHOBATIDAE,Psammobatis,Psammobatis lentiginosa,6,LC,28,170,1983,TL,55,589713,Psammobatis lentiginosa,368,1.062132881,5.685581208,9.73350577,0.960561828,-0.595822098,9.798919205,2534.86601,Spotted,Spade
Chondrichthyes,RAJIFORMES,ARHYNCHOBATIDAE,Psammobatis,Psammobatis normani,8,LC,30,360,1983,TL,58,649725,Psammobatis normani,369,1.548314768,4.18708404,0.325539055,1.377228828,1.799452561,2.289271596,3762.837858,None,Spade
Chondrichthyes,RAJIFORMES,ARHYNCHOBATIDAE,Psammobatis,Psammobatis rudis,8,LC,30,475,1870,TL,53,971823,Psammobatis rudis,371,0.235597137,1.845052221,-1.658522044,2.111008627,-2.757028322,3.84814994,3762.837858,None,Spade
Chondrichthyes,RAJIFORMES,ARHYNCHOBATIDAE,Psammobatis,Psammobatis rutrum,4,LC,31,150,1891,TL,32,482634,Psammobatis rutrum,372,2.234444664,4.810987119,1.899534412,-1.611600077,2.604379629,3.603925504,2534.86601,None,Spade
Chondrichthyes,RAJIFORMES,ARHYNCHOBATIDAE,Psammobatis,Psammobatis scobina,2,LC,30,450,1857,TL,50,102110,Psammobatis scobina,373,0.545621442,2.383162658,-3.195967785,2.963151446,-1.517913983,4.615034066,3186.697055,None,Spade
Chondrichthyes,RHINOPRISTIFORMES,RHINOBATIDAE,Pseudobatos,Pseudobatos buthi,1,VU,0,10,2019,TL,68.5,5303,NA,NA,NA,NA,NA,NA,NA,NA,1280.203193,NA,NA
Chondrichthyes,RHINOPRISTIFORMES,RHINOBATIDAE,Pseudobatos,Pseudobatos glaucostigmus,12,VU,0,110,1883,TL,91,163534,Pseudobatos glaucostigmus,23,1.246332436,4.071307664,8.456715983,3.619807817,0.708675651,9.226119175,1980.993595,Spotted,Wedge
Chondrichthyes,RHINOPRISTIFORMES,RHINOBATIDAE,Pseudobatos,Pseudobatos horkelii,35,CR,0,150,1841,TL,138,540132,Pseudobatos horkelii,24,0.94919175,4.175911246,8.896813784,6.594917087,-0.089280978,11.07493558,2534.86601,None,Wedge
Chondrichthyes,RHINOPRISTIFORMES,RHINOBATIDAE,Pseudobatos,Pseudobatos lentiginosus,13,VU,0,30,1880,TL,78,419272,Pseudobatos lentiginosus,25,1.876971681,5.20226149,14.37490671,6.28143349,-0.628459663,15.69997806,24740.15539,Spotted,Wedge
Chondrichthyes,RHINOPRISTIFORMES,RHINOBATIDAE,Pseudobatos,Pseudobatos leucorhynchus,9,VU,0,50,1867,TL,106,73930,Pseudobatos leucorhynchus,26,1.277677594,8.51939328,-1.778397764,5.916127056,-5.238559764,8.09973866,1980.993595,None,Wedge
Chondrichthyes,RHINOPRISTIFORMES,RHINOBATIDAE,Pseudobatos,Pseudobatos percellens,24,EN,0,110,1792,TL,100,727223,Pseudobatos percellens,27,0.561247993,5.074696499,5.990199461,6.117832485,-6.001640734,10.45610135,6517.733179,Mottled,Wedge
Chondrichthyes,RHINOPRISTIFORMES,RHINOBATIDAE,Pseudobatos,Pseudobatos planiceps,11,VU,1,50,1880,TL,125,46231,Pseudobatos planiceps,28,1.906541405,5.365755365,-0.159552502,-0.40677494,-2.715210833,2.750144127,2492.527794,None,Wedge
Chondrichthyes,RHINOPRISTIFORMES,RHINOBATIDAE,Pseudobatos,Pseudobatos prahli,5,VU,1,70,1995,TL,90,63849,Pseudobatos prahli,29,1.591223886,4.296450805,8.342543181,5.708676822,0.885914404,10.14750522,2205.456483,Spotted,Wedge
Chondrichthyes,RHINOPRISTIFORMES,RHINOBATIDAE,Pseudobatos,Pseudobatos productus,36,NT,1,91.5,1854,TL,156,432102,Pseudobatos productus,30,3.684755978,3.063247815,14.69350463,3.816402364,0.367371437,15.1854854,22727.24669,None,Wedge
Chondrichthyes,RAJIFORMES,ARHYNCHOBATIDAE,Pseudoraja,Pseudoraja fischeri,0,LC,412,576,1954,TL,58,4899,Pseudoraja fischeri,374,0.431260494,3.211688427,9.740395675,5.010641323,-0.638658253,10.97222488,28477.16202,Spotted,Spade
Chondrichthyes,MYLIOBATIFORMES,DASYATIDAE,Pteroplatytrygon,Pteroplatytrygon violacea,70,LC,0,381,1832,DW,90,5313692,Pieroplatytrygon violacea,500,0.500387762,5.536092005,-18.74644507,5.898066972,0.281771398,19.65440897,75321.61259,None,Rhombus
Chondrichthyes,RAJIFORMES,RAJIDAE,Raja,Raja asterias,41,LC,0,200,1809,TL,76,504409,Raja asterias,233,0.591032098,2.582479835,8.257987753,-2.512483193,2.703044276,9.045075006,9007.400766,Mottled,Rhombus
Chondrichthyes,RAJIFORMES,RAJIDAE,Raja,Raja brachyura,45,NT,10,900,1871,TL,120,1353440,Raja brachyura,234,2.188383744,7.264426028,1.238449294,-3.265193439,4.248935412,5.499881542,13613.9986,Spotted,Rhombus
Chondrichthyes,RAJIFORMES,RAJIDAE,Raja,Raja clavata,340,NT,5,1020,1758,TL,130,3710055,Raja clavata,235,2.60573054,8.440480248,-4.236184374,3.371598011,-3.385244855,6.385359342,22606.11207,Other,Rhombus
Chondrichthyes,RAJIFORMES,RAJIDAE,Raja,Raja herwigi,0,DD,55,300,1965,TL,55,2747,Raja herwigi,236,4.632331411,8.380469645,-0.122167253,-3.286618179,3.628310681,4.897083038,2.128471063,Other,Rhombus
Chondrichthyes,RAJIFORMES,RAJIDAE,Raja,Raja maderensis,4,VU,150,150,1838,TL,80,53958,Raja maderensis,237,0.217155364,3.568073278,-3.939527009,5.595943176,-0.300268115,6.850154306,241.1044323,Spotted,Rhombus
Chondrichthyes,RAJIFORMES,RAJIDAE,Raja,Raja microocellata,16,NT,1,100,1818,TL,103,598752,Raja microocellata,238,1.345435467,8.795557496,-8.421436469,-0.549503755,-0.953923595,8.493086412,7860.455571,Other,Rhombus
Chondrichthyes,RAJIFORMES,RAJIDAE,Raja,Raja miraletus,38,LC,50,555,1758,TL,60,766675,Raja miraletus,239,1.823759389,7.379046345,-4.107443399,0.290343738,2.725080814,4.937758216,7577.669499,Spotted,Rhombus
Chondrichthyes,RAJIFORMES,RAJIDAE,Raja,Raja montagui,33,LC,10,800,1910,TL,80,1422283,Raja montagui,240,1.835775249,8.29608111,4.007654186,-2.434312122,0.894202249,4.773548496,19119.32691,Spotted,Rhombus
Chondrichthyes,RAJIFORMES,RAJIDAE,Raja,Raja ocellifera,1,EN,15,105,1906,TL,49,72093,Raja ocellifera,241,3.641279501,4.095932123,2.975367659,-11.75560333,4.334490614,12.87768734,385.3894234,Spotted,Rhombus
Chondrichthyes,RAJIFORMES,RAJIDAE,Raja,Raja parva,3,NT,10,300,2016,TL,63,229364,Raja parva,242,4.725061184,2.187412382,21.14100498,-16.39997208,4.858371935,27.19384036,850.0934533,Spotted,Rhombus
Chondrichthyes,RAJIFORMES,RAJIDAE,Raja,Raja pita,1,DD,15,15,1995,TL,46,21606,Raja pita,243,1.076000221,2.269864492,8.660881201,1.129173322,1.504000899,8.862726119,218.5297074,Mottled,Rhombus
Chondrichthyes,RAJIFORMES,RAJIDAE,Raja,Raja polystigma,7,LC,10,800,1923,TL,60,662960,Raja polystigma,244,2.022814285,7.406789409,2.751420456,-0.571298492,5.129625466,5.84891049,8252.015714,Spotted,Rhombus
Chondrichthyes,RAJIFORMES,RAJIDAE,Raja,Raja radula,22,EN,0,350,1809,TL,80,1384411,Raja radula,245,2.368100776,8.957483194,-3.581757456,1.412655573,-3.275728794,5.055193505,8614.607445,Spotted,Spade
Chondrichthyes,RAJIFORMES,RAJIDAE,Raja,Raja straeleni,5,NT,43,930,1951,TL,91,779666,Raja straeleni,246,1.24082634,4.5141734,3.409245891,3.973118953,-1.632495679,5.483946927,1376.088684,Other,Rhombus
Chondrichthyes,RAJIFORMES,RAJIDAE,Raja,Raja undulata,45,NT,0,200,1802,TL,114,801190,Raja undulata,247,1.990658061,10.83093968,-8.107228844,7.129208253,1.223781489,10.8651006,12084.21322,Other,Spade
Chondrichthyes,RAJIFORMES,RAJIDAE,Rajella,Rajella annandalei,0,LC,397,827,1913,TL,32.7,2191,Rajella annandalei,248,0.029356798,0.82941645,24.39501661,18.31147157,-1.204204894,30.52665943,1089.077357,None,Disc
Chondrichthyes,RAJIFORMES,RAJIDAE,Rajella,Rajella barnardi,0,LC,100,1700,1935,TL,75,876550,Rajella barnardi,249,0.176239364,1.262798037,4.299571588,8.835581217,-0.081499985,9.826517874,2793.658282,None,Spade
Chondrichthyes,RAJIFORMES,RAJIDAE,Rajella,Rajella bathyphila,0,LC,600,2300,1908,TL,95,1444542,Rajella bathyphila,250,1.090051314,5.230822234,0.651086229,7.151226744,3.379594422,7.936347754,23213.14222,None,Spade
Chondrichthyes,RAJIFORMES,RAJIDAE,Rajella,Rajella bigelowi,2,LC,625,4155,1978,TL,55,2223189,Rajella bigelowi,251,0.145436746,1.020231009,10.96859175,16.44271832,-1.944133794,19.86083198,25467.78057,Spotted,Spade
Chondrichthyes,RAJIFORMES,RAJIDAE,Rajella,Rajella caudaspinosa,0,LC,100,1100,1923,TL,65,263993,Rajella caudaspinosa,252,0.524121301,3.15976365,-9.527487371,7.393702016,-1.000166888,12.101247,397.8645233,Spotted,Spade
Chondrichthyes,RAJIFORMES,RAJIDAE,Rajella,Rajella challengeri,0,LC,860,1500,2008,TL,56,281437,Rajella challengeri,253,0.743602133,6.433808815,11.54363394,15.22363358,1.728162535,19.18335346,1410.266438,None,Spade
Chondrichthyes,RAJIFORMES,RAJIDAE,Rajella,Rajella dissimilis,1,LC,400,1640,1970,TL,82,563107,Rajella dissimilis,254,1.16725211,4.33612912,-7.848073502,3.943330714,0.045501721,8.78317626,4697.554599,Spotted,Spade
Chondrichthyes,RAJIFORMES,RAJIDAE,Rajella,Rajella eisenhardti,1,LC,757,907,1999,TL,38.5,45,Rajella eisenhardti,255,0.266977845,1.930314913,-19.12991852,1.068958107,2.10644621,19.27520608,107.3290175,None,Spade
Chondrichthyes,RAJIFORMES,RAJIDAE,Rajella,Rajella fuliginea,0,LC,730,1280,1954,TL,45,378168,Rajella fuliginea,256,0.146451623,1.438063264,-8.481469389,10.52009596,-1.812008514,13.63418926,25802.8574,None,Spade
Chondrichthyes,RAJIFORMES,RAJIDAE,Rajella,Rajella fyllae,12,LC,150,2050,1887,TL,56,4576574,Rajella fyllae,257,1.025696664,6.441661239,-0.467558249,1.237477448,4.218206187,4.420771944,32803.85027,Other,Spade
Chondrichthyes,RAJIFORMES,RAJIDAE,Rajella,Rajella kukujevi,4,LC,750,2190,1985,TL,83,659835,Rajella kukujevi,258,0.534986952,3.957463834,8.132611764,18.20960211,-0.186616356,19.94401686,7871.799763,None,Spade
Chondrichthyes,RAJIFORMES,RAJIDAE,Rajella,Rajella leoparda,0,LC,130,1920,1923,TL,95,883429,Rajella leoparda,259,0.886602876,2.126923067,-6.028007031,2.50577032,2.621856565,7.034904798,1247.957977,None,Spade
Chondrichthyes,RAJIFORMES,RAJIDAE,Rajella,Rajella lintea,5,LC,196,635,1838,TL,125,1765801,Rajella lintea,260,0.347977264,2.866816539,-9.376544365,4.158466493,2.641560518,10.59199083,5089.990193,None,Rhombus
Chondrichthyes,RAJIFORMES,RAJIDAE,Rajella,Rajella nigerrima,1,LC,590,1295,1960,TL,46,48489,Rajella nigerrima,261,0.255091799,3.043658457,-37.22320169,-1.974263097,-0.889856913,37.28614092,618.8632165,None,Rhombus
Chondrichthyes,RAJIFORMES,RAJIDAE,Rajella,Rajella paucispinosa,1,LC,1230,1260,2014,TL,50,180,Rajella paucispinosa,262,0.220902769,1.322625655,15.60862043,18.21853958,-1.383902304,24.03038497,15.84040726,None,Spade
Chondrichthyes,RAJIFORMES,RAJIDAE,Rajella,Rajella purpuriventralis,0,LC,730,2010,1962,TL,65,20474,Rajella purpuriventralis,263,0.214541827,2.061560605,-12.65770881,5.499475618,1.140580256,13.84784271,25550.47968,None,Spade
Chondrichthyes,RAJIFORMES,RAJIDAE,Rajella,Rajella ravidula,0,LC,495,1475,1970,TL,79,143851,Rajella ravidula,264,0.108167712,1.55560796,2.133663337,11.44896156,0.04072579,11.64615381,602.5656519,None,Spade
Chondrichthyes,RAJIFORMES,RAJIDAE,Rajella,Rajella sadowskii,0,LC,800,1360,1974,TL,75,25735,Rajella sadowskii,265,2.123828259,4.479712476,10.40449887,8.265971497,3.136483058,13.65347602,2182.182362,None,Rhombus
Chondrichthyes,RHINOPRISTIFORMES,RHINIDAE,Rhina,Rhina ancylostomus,29,CR,0,70,1801,TL,270,5182344,Rhina ancylostoma,5,1.134337871,6.274357585,-16.21860643,3.919604638,-5.227571007,17.48525074,36125.56256,Spotted,Wedge
Chondrichthyes,RHINOPRISTIFORMES,RHINOBATIDAE,Rhinobatos,Rhinobatos albomaculatus,2,CR,0,132,1930,TL,80,327515,Rhinobatos albomaculatus,31,0.235358937,3.433672112,14.25165494,8.36851434,0.51344163,16.53497273,850.0934533,Spotted,Wedge
Chondrichthyes,RHINOPRISTIFORMES,RHINOBATIDAE,Rhinobatos,Rhinobatos annandalei,7,CR,5,73,1926,TL,95,249629,Rhinobatos annandalei,32,1.537105796,6.465414165,5.620279876,-1.897971549,-1.076153271,6.02892592,5352.454481,Spotted,Wedge
Chondrichthyes,RHINOPRISTIFORMES,RHINOBATIDAE,Rhinobatos,Rhinobatos austini,1,DD,0,107,2017,TL,115,33961,NA,NA,NA,NA,NA,NA,NA,NA,415.1621797,NA,NA
Chondrichthyes,RHINOPRISTIFORMES,RHINOBATIDAE,Rhinobatos,Rhinobatos borneensis,1,EN,0,100,2016,TL,90,133586,Rhinobatos borneensis,33,1.381912685,3.34899345,5.667954948,-0.991303406,0.361826946,5.76535467,375.5013552,Spotted,Wedge
Chondrichthyes,RHINOPRISTIFORMES,RHINOBATIDAE,Rhinobatos,Rhinobatos holcorhynchus,0,DD,75,350,1922,TL,127,57870,Rhinobatos holcorhynchus,34,6.259383053,4.021730877,13.15170048,-4.084297145,1.905842289,13.90255169,579.2278855,Spotted,Wedge
Chondrichthyes,RHINOPRISTIFORMES,RHINOBATIDAE,Rhinobatos,Rhinobatos hynnicephalus,5,EN,20,100,1846,TL,100,169393,Rhinobatos hynnicephalus,35,3.086075887,7.810697701,8.239837432,-4.128601938,0.658121947,9.239772691,21737.46157,Spotted,Wedge
Chondrichthyes,RHINOPRISTIFORMES,RHINOBATIDAE,Rhinobatos,Rhinobatos irvinei,3,CR,0,49,1931,TL,100,202315,Rhinobatos irvinei,36,1.453949808,6.653425858,-0.282927216,-3.180339053,-3.878700631,5.023835475,990.6992601,Spotted,Wedge
Chondrichthyes,RHINOPRISTIFORMES,RHINOBATIDAE,Rhinobatos,Rhinobatos jimbaranensis,4,CR,1,60,2006,TL,99,11575,Rhinobatos jimbaranensis,37,2.489952989,5.636936777,7.359681542,-5.890830714,-6.394295981,11.39095343,1451.06064,Mottled,Wedge
Chondrichthyes,RHINOPRISTIFORMES,RHINOBATIDAE,Rhinobatos,Rhinobatos lionotus,2,CR,0,73,1926,TL,85,103930,Rhinobatos lionotus,38,3.082780614,5.551020512,0.665969261,-13.28825053,-2.542231969,13.54562884,3286.703408,Mottled,Wedge
Chondrichthyes,RHINOPRISTIFORMES,RHINOBATIDAE,Rhinobatos,Rhinobatos manai,1,LC,191,290,2016,TL,73.1,249,NA,NA,NA,NA,NA,NA,NA,NA,24.43020337,NA,NA
Chondrichthyes,RHINOPRISTIFORMES,RHINOBATIDAE,Rhinobatos,Rhinobatos nudidorsalis,1,DD,125,125,2004,TL,50,6308,Rhinobatos nudidorsalis,39,5.123682798,3.139600941,28.05836557,-3.171073521,-4.780835298,28.63885423,13.31063696,None,Wedge
Chondrichthyes,RHINOPRISTIFORMES,RHINOBATIDAE,Rhinobatos,Rhinobatos penggali,4,EN,0,60,2006,TL,100,4388,Rhinobatos penggali,40,0.679375535,3.34764396,7.764313575,4.609984991,-5.823901834,10.74496903,1089.077357,Spotted,Wedge
Chondrichthyes,RHINOPRISTIFORMES,RHINOBATIDAE,Rhinobatos,Rhinobatos punctifer,7,NT,0,70,1987,TL,90,1277905,Rhinobatos punctifer,41,0.421021589,4.880755397,0.753609078,-1.860288883,-0.347622762,2.037018153,2921.030171,Spotted,Wedge
Chondrichthyes,RHINOPRISTIFORMES,RHINOBATIDAE,Rhinobatos,Rhinobatos ranongensis,2,VU,68,108,2019,TL,63,1926,NA,NA,NA,NA,NA,NA,NA,NA,66.55145508,NA,NA
Chondrichthyes,RHINOPRISTIFORMES,RHINOBATIDAE,Rhinobatos,Rhinobatos rhinobatos,28,CR,0,180,1758,TL,162,973369,Rhinobatos rhinobatos,42,1.655060023,4.205803712,14.38621973,-0.710582409,-3.094999876,14.73252422,9855.89549,Mottled,Wedge
Chondrichthyes,RHINOPRISTIFORMES,RHINOBATIDAE,Rhinobatos,Rhinobatos sainsburyi,1,LC,70,200,2004,TL,60,543897,Rhinobatos sainsburyi,43,1.333628106,3.197393643,20.69937317,6.054321732,-1.489673697,21.6180015,1410.266438,Mottled,Wedge
Chondrichthyes,RHINOPRISTIFORMES,RHINOBATIDAE,Rhinobatos,Rhinobatos schlegelii,6,CR,1,230,1841,TL,100,421815,Rhinobatos schlegelii,44,1.274639281,3.568228384,9.384098661,-2.699646784,-5.690164365,11.30165346,21396.97106,Mottled,Wedge
Chondrichthyes,RHINOPRISTIFORMES,RHINOBATIDAE,Rhinobatos,Rhinobatos whitei,2,CR,0,100,2014,TL,84,44823,Rhinobatos whitei,45,1.953345841,3.736372192,14.02318744,-1.725398058,1.791869129,14.24210586,369.2872738,Mottled,Wedge
Chondrichthyes,MYLIOBATIFORMES,RHINOPTERIDAE,Rhinoptera,Rhinoptera bonasus,142,VU,0,60,1815,DW,110,1448608,Rhinoptera bonasus,617,3.136193734,2.69354942,-13.10881344,-12.55219563,-4.847762724,18.78561706,28139.00558,None,Diamond
Chondrichthyes,MYLIOBATIFORMES,RHINOPTERIDAE,Rhinoptera,Rhinoptera brasiliensis,13,VU,0,20,1836,DW,104,510682,Rhinoptera brasiliensis,618,0.288708004,1.146137316,-20.67447346,-10.7640708,-0.376563649,23.31181832,27632.12981,None,Diamond
Chondrichthyes,MYLIOBATIFORMES,RHINOPTERIDAE,Rhinoptera,Rhinoptera javanica,10,EN,0,50,1841,DW,165,1954610,Rhinoptera javanica,619,0.279017314,2.386463842,-25.83027362,-9.848442459,-9.127718534,29.11202672,28779.12929,None,Diamond
Chondrichthyes,MYLIOBATIFORMES,RHINOPTERIDAE,Rhinoptera,Rhinoptera jayakari,6,EN,0,50,1895,DW,90,2639551,Rhinoptera jayakari,620,0.116637981,2.21963951,-16.64459454,-8.80197481,-4.040832423,19.25735222,29455.76698,None,Diamond
Chondrichthyes,MYLIOBATIFORMES,RHINOPTERIDAE,Rhinoptera,Rhinoptera marginata,13,CR,0,100,1817,DW,200,667322,Rhinoptera marginata,621,0.473461501,1.362455504,-17.41738942,-9.406978583,-4.973697839,20.41064356,8361.982917,None,Diamond
Chondrichthyes,MYLIOBATIFORMES,RHINOPTERIDAE,Rhinoptera,Rhinoptera neglecta,9,DD,0,50,1912,DW,86,427281,Rhinoptera neglecta,622,2.694704559,5.193843213,-15.12731389,-14.98238667,-3.544778451,21.58409114,1434.696641,None,Diamond
Chondrichthyes,MYLIOBATIFORMES,RHINOPTERIDAE,Rhinoptera,Rhinoptera steindachneri,29,NT,0,65,1891,DW,104,140767,Rhinoptera steindachneri,624,0.082403734,0.477585967,-11.19750305,-9.063016641,-2.429444703,14.60905701,2205.456483,None,Diamond
Chondrichthyes,RAJIFORMES,ARHYNCHOBATIDAE,Rhinoraja,Rhinoraja kujiensis,0,LC,450,1000,1916,TL,104,98144,Rhinoraja kujiensis,375,2.246715081,1.395952399,26.90544141,-1.325388712,-2.684217468,27.07146941,6642.479386,None,Rhombus
Chondrichthyes,RAJIFORMES,ARHYNCHOBATIDAE,Rhinoraja,Rhinoraja longicauda,0,NT,300,1000,1952,TL,69,7138,Rhinoraja longicauda,376,0.385102005,2.57066394,-15.86647071,-1.328755385,-0.023203847,15.92202946,6642.479386,None,Spade
Chondrichthyes,RAJIFORMES,ARHYNCHOBATIDAE,Rhinoraja,Rhinoraja odai,0,LC,300,870,1958,TL,60,18851,Rhinoraja odai,377,7.311614414,7.363475561,13.24586008,-9.532240006,3.853589526,16.76802198,4967.257498,Other,Spade
Chondrichthyes,RHINOPRISTIFORMES,RHINIDAE,Rhynchobatus,Rhynchobatus australiae,58,CR,0,60,1939,TL,300,4194846,Rhynchobatus australiae,6,0.797383132,5.126337321,8.351406318,5.172399328,-4.259889032,10.7073039,25917.56666,Spotted,Wedge
Chondrichthyes,RHINOPRISTIFORMES,RHINIDAE,Rhynchobatus,Rhynchobatus cooki,6,CR,NA,NA,2016,TL,81,17240,NA,NA,NA,NA,NA,NA,NA,NA,1465.720212,NA,NA
Chondrichthyes,RHINOPRISTIFORMES,RHINIDAE,Rhynchobatus,Rhynchobatus djiddensis,25,CR,0,70,1775,TL,310,522768,Rhynchobatus djiddensis,8,1.164265474,4.032739967,-1.802390814,3.226080053,-1.60279527,4.028046404,3780.658374,Spotted,Wedge
Chondrichthyes,RHINOPRISTIFORMES,RHINIDAE,Rhynchobatus,Rhynchobatus immaculatus,1,CR,NA,NA,2013,TL,99,7839,Rhynchobatus immaculatus,9,2.911012534,5.997505621,-4.008033882,-8.659881194,-8.629936498,12.86598935,14778.29063,Spotted,Wedge
Chondrichthyes,RHINOPRISTIFORMES,RHINIDAE,Rhynchobatus,Rhynchobatus laevis,10,CR,0,60,1801,TL,200,593207,Rhynchobatus laevis,10,1.906925796,4.502754729,7.777483099,2.036337705,-4.689165835,9.307211765,21796.16257,Spotted,Wedge
Chondrichthyes,RHINOPRISTIFORMES,RHINIDAE,Rhynchobatus,Rhynchobatus luebberti,3,CR,0,35,1915,TL,300,127309,Rhynchobatus luebberti,11,2.746014292,5.039947229,7.593790431,2.916977487,-1.444455913,8.262013293,850.5355561,Spotted,Wedge
Chondrichthyes,RHINOPRISTIFORMES,RHINIDAE,Rhynchobatus,Rhynchobatus mononoke,1,CR,15,250,2020,TL,NA,26705,NA,NA,NA,NA,NA,NA,NA,NA,4967.257498,NA,NA
Chondrichthyes,RHINOPRISTIFORMES,RHINIDAE,Rhynchobatus,Rhynchobatus palpebratus,5,NT,5,60,2008,TL,262,744370,Rhynchobatus palpebratus,12,1.615206115,4.712941156,11.03944988,6.209167022,-1.491093559,12.75329639,17805.39292,Spotted,Wedge
Chondrichthyes,RHINOPRISTIFORMES,RHINIDAE,Rhynchobatus,Rhynchobatus springeri,3,CR,16,40,2010,TL,213,275026,Rhynchobatus springeri,13,0.889053089,5.493550928,4.035600216,4.898751029,-3.078291425,7.054056198,3076.561272,Spotted,Wedge
Chondrichthyes,RHINOPRISTIFORMES,RHINIDAE,Rhynchorhina,Rhynchorhina mauritaniensis,2,CR,NA,NA,2016,TL,275,366,Rhynchorhina mauritaniensis,14,1.087181989,4.763992935,-8.394512565,11.23741256,-2.258847089,14.20738091,8.077758636,Spotted,Wedge
Chondrichthyes,RAJIFORMES,ARHYNCHOBATIDAE,Rioraja,Rioraja agassizii,19,VU,5,600,1841,TL,71,690255,Rioraja agassizi,378,2.42240056,6.864866378,1.041088541,1.721459689,-1.24122854,2.363881786,2534.86601,Other,Rhombus
Chondrichthyes,RAJIFORMES,RAJIDAE,Rostroraja,Rostroraja ackleyi,0,LC,30,385,1881,TL,41,3783,Rostroraja ackleyi,266,0.988219166,1.644670518,16.19182391,4.024144879,1.54172165,16.75547102,22825.69704,Other,Spade
Chondrichthyes,RAJIFORMES,RAJIDAE,Rostroraja,Rostroraja alba,20,EN,10,750,1803,TL,240,1712452,Rostroraja alba,267,2.293683678,6.431403469,1.175692593,3.601261658,-4.70929835,6.043908467,15884.67616,Mottled,Rhombus
Chondrichthyes,RAJIFORMES,RAJIDAE,Rostroraja,Rostroraja bahamensis,0,LC,366,411,1965,TL,54,74,Rostroraja bahamensis,268,0.27528811,2.380050708,-0.965359098,8.574022339,-0.443679156,8.639596545,21459.67655,Spotted,Rhombus
Chondrichthyes,RAJIFORMES,RAJIDAE,Rostroraja,Rostroraja cervigoni,0,NT,37,549,1964,TL,51,109190,Rostroraja cervigoni,269,0.2298545,1.644928758,7.415294169,7.326815897,1.372209029,10.51436049,1292.244618,Spotted,Rhombus
Chondrichthyes,RAJIFORMES,RAJIDAE,Rostroraja,Rostroraja eglanteria,70,LC,0,330,1800,TL,84,701245,Rostroraja eglanteria,270,2.569172236,9.834326197,4.693543672,-6.04092766,4.831163587,9.047778777,21447.0435,Other,Rhombus
Chondrichthyes,RAJIFORMES,RAJIDAE,Rostroraja,Rostroraja equatorialis,1,VU,20,200,1890,TL,88,186943,Rostroraja equatorialis,271,2.195592847,3.852782225,-0.172338467,-3.283265876,-1.791597119,3.744242994,2205.456483,Spotted,Spade
Chondrichthyes,RAJIFORMES,RAJIDAE,Rostroraja,Rostroraja texana,8,LC,5,185,1921,TL,63,298279,Rostroraja texana,272,2.182413835,4.642059913,11.18875699,-0.997949995,-2.143442374,11.4358442,22727.24669,Other,Rhombus
Chondrichthyes,RAJIFORMES,RAJIDAE,Rostroraja,Rostroraja velezi,15,VU,30,300,1973,TL,83,102820,Rostroraja velezi,273,0.470129889,3.73652458,3.367594568,0.690283498,0.858547457,3.543203101,2205.456483,Spotted,Rhombus
Chondrichthyes,RAJIFORMES,ANACANTHOBATIDAE,Schroederobatis,Schroederobatis americana,1,LC,183,915,1962,TL,38,132348,Schroederobatis americana,404,1.337690469,4.388023426,-6.434078125,0.762332866,0.601559916,6.506949135,596.0751819,Other,Spade
Chondrichthyes,RAJIFORMES,ANACANTHOBATIDAE,Sinobatis,Sinobatis andamanensis,1,LC,508,518,2016,TL,42.9,205,Sinobatis andamanensis,405,0.570092648,3.932996809,10.5013294,0.968703219,2.542569668,10.84808581,503.3282836,None,Spade
Chondrichthyes,RAJIFORMES,ANACANTHOBATIDAE,Sinobatis,Sinobatis borneensis,2,LC,316,990,1965,TL,34.8,103077,Sinobatis borneensis,406,1.799304664,4.567846952,12.48132229,-5.574294264,0.883189316,13.69803585,20476.81869,None,Spade
Chondrichthyes,RAJIFORMES,ANACANTHOBATIDAE,Sinobatis,Sinobatis brevicauda,1,LC,960,1130,2016,TL,59.1,3007,Sinobatis brevicauda,407,2.964656523,0.592411067,31.75812411,1.20911961,-4.174365622,32.05410653,13.31063696,None,Rhombus
Chondrichthyes,RAJIFORMES,ANACANTHOBATIDAE,Sinobatis,Sinobatis bulbicauda,1,LC,150,1125,2008,TL,56,318250,Sinobatis bulbicauda,408,1.024022128,2.602752074,13.88722291,2.290262444,1.641017408,14.17015174,2499.343795,None,Spade
Chondrichthyes,RAJIFORMES,ANACANTHOBATIDAE,Sinobatis,Sinobatis caerulea,0,DD,482,1168,2008,TL,69,66618,Sinobatis caerulea,409,1.494676664,4.946141591,4.044025717,8.194175097,1.810299869,9.315354805,1410.266438,Other,Spade
Chondrichthyes,RAJIFORMES,ANACANTHOBATIDAE,Sinobatis,Sinobatis filicauda,0,DD,606,880,2008,TL,55,39006,Sinobatis filicauda,410,0.204927388,2.579607592,14.37453242,9.684506791,0.253575128,17.33439224,1410.266438,None,Spade
Chondrichthyes,RAJIFORMES,ANACANTHOBATIDAE,Sinobatis,Sinobatis kotlyari,1,LC,1400,1400,2016,TL,33.1,NA,NA,NA,NA,NA,NA,NA,NA,NA,NA,NA,NA
Chondrichthyes,RAJIFORMES,ANACANTHOBATIDAE,Sinobatis,Sinobatis melanosoma,0,LC,575,1100,1965,TL,59.4,116838,Sinobatis melanosoma,411,0.743310383,2.793240459,-19.75239875,-9.321312014,-2.93912923,22.03820761,20455.32591,None,Spade
Chondrichthyes,RAJIFORMES,ANACANTHOBATIDAE,Sinobatis,Sinobatis stenosoma,1,LC,534,534,1982,TL,52,NA,Sinobatis stenosoma,412,0.164516295,1.235724443,-0.261698046,1.487974103,-3.618793236,3.921507017,14778.29063,None,Spade
Chondrichthyes,MYLIOBATIFORMES,UROLOPHIDAE,Spinilophus,Spinilophus armatus,0,DD,NA,NA,1841,DW,17.4,NA,Spinilophus armatus,566,1.282995415,7.357799018,-5.55800799,-8.416256797,-2.635151791,10.42443554,24.43020337,None,Rhombus
Chondrichthyes,RAJIFORMES,RAJIDAE,Spiniraja,Spiniraja whitleyi,2,VU,0,345,1938,TL,201,530442,Spiniraja whitleyi,274,0.347130554,8.948222501,-26.73507367,-3.29426652,1.77882735,26.99593641,1410.266438,Spotted,Rhombus
Chondrichthyes,RAJIFORMES,ANACANTHOBATIDAE,Springeria,Springeria folirostris,0,LC,300,512,1951,TL,62,1674,Springeria folirostris,413,1.463967649,3.492493691,13.71358832,0.245569097,-1.737391439,13.82538744,21447.0435,None,Spade
Chondrichthyes,RAJIFORMES,ANACANTHOBATIDAE,Springeria,Springeria longirostris,0,LC,501,1052,1962,TL,75,49608,Springeria longirostris,414,0.428305434,1.433949041,17.04557163,8.975331447,0.370064201,19.26772,24219.16497,None,Spade
Chondrichthyes,MYLIOBATIFORMES,POTAMOTRYGONIDAE,Styracura,Styracura pacifica,7,VU,0,30,1941,DW,89,23422,Styracura pacifica,547,2.145506659,7.623769973,-15.03086967,-4.575378163,0.461925977,15.71860376,1980.993595,None,Disc
Chondrichthyes,MYLIOBATIFORMES,POTAMOTRYGONIDAE,Styracura,Styracura schmardae,14,EN,0,50,1904,DW,180,669138,Styracura schmardae,548,2.803223307,5.62311943,5.112178271,-8.561415829,-3.598496369,10.60100862,9795.48687,None,Disc
Chondrichthyes,RAJIFORMES,ARHYNCHOBATIDAE,Sympterygia,Sympterygia acuta,17,CR,0,188,1877,TL,62,520368,Sympterygia acuta,379,1.65082355,5.824460717,11.73725221,0.678458537,2.763387621,12.07723919,2534.86601,None,Spade
Chondrichthyes,RAJIFORMES,ARHYNCHOBATIDAE,Sympterygia,Sympterygia bonapartii,33,NT,0,500,1841,TL,88,1136471,Sympterygia bonapartii,380,0.904486579,3.694205265,4.805283141,6.169611439,-1.409005852,7.946077578,2821.937321,Mottled,Spade
Chondrichthyes,RAJIFORMES,ARHYNCHOBATIDAE,Sympterygia,Sympterygia brevicaudata,4,NT,8,100,1877,TL,55,37038,Sympterygia brevicaudata,381,1.805804796,3.556541318,1.98655467,-0.361110899,-1.431013628,2.474793031,618.8632165,Mottled,Spade
Chondrichthyes,RAJIFORMES,ARHYNCHOBATIDAE,Sympterygia,Sympterygia lima,29,LC,5,80,1835,TL,65,2004,Sympterygia lima,382,1.305578219,5.508647431,-11.82306676,-1.889687112,2.55792413,12.24331658,287.0713109,Other,Spade
Chondrichthyes,MYLIOBATIFORMES,DASYATIDAE,Taeniura,Taeniura lessoni,3,DD,0,18,2016,DW,22,488141,Taeniura lessoni,501,13.61710251,5.98684304,13.60233772,-8.727313821,-7.976332089,18.02252678,32.06857007,Spotted,Disc
Chondrichthyes,MYLIOBATIFORMES,DASYATIDAE,Taeniura,Taeniura lymma,45,LC,0,50,1775,DW,25,3327637,Taeniura lymma,502,16.94640148,7.418222397,5.03572457,-2.245900948,-14.66109548,15.66366221,11529.76123,Spotted,Disc
Chondrichthyes,MYLIOBATIFORMES,DASYATIDAE,Taeniurops,Taeniurops grabatus,15,NT,0,450,1817,DW,112,816810,Taeniurops grabatus,503,5.750892367,8.293390366,1.261023069,-2.689643157,8.46833979,8.97424862,9201.771908,Other,Rhombus
Chondrichthyes,MYLIOBATIFORMES,DASYATIDAE,Taeniurops,Taeniurops meyeni,27,VU,0,500,1841,DW,180,7077216,Taeniurops meyeni,504,1.2532533,15.11037872,-9.062341118,12.26813157,-6.254242464,16.48479989,36553.61405,Mottled,Disc
Chondrichthyes,MYLIOBATIFORMES,DASYATIDAE,Telatrygon,Telatrygon acutirostra,1,VU,2,142,1988,DW,129,370047,Telatrygon acutirostra,505,5.047357755,3.365907977,9.890606708,-3.2027346,1.493650565,10.50298062,21396.97106,None,Rhombus
Chondrichthyes,MYLIOBATIFORMES,DASYATIDAE,Telatrygon,Telatrygon biasa,3,VU,0,90,2016,DW,29,1707140,Telatrygon biasa,506,3.047157257,5.738214994,-1.6351437,-2.56521127,2.832332704,4.156454297,2344.549851,Mottled,Rhombus
Chondrichthyes,MYLIOBATIFORMES,DASYATIDAE,Telatrygon,Telatrygon crozieri,2,EN,0,50,1860,DW,40,181613,Telatrygon crozieri,507,0.954675588,3.393710676,-10.69516326,-1.143903113,2.359752534,11.0119691,3470.419031,None,Rhombus
Chondrichthyes,MYLIOBATIFORMES,DASYATIDAE,Telatrygon,Telatrygon zugei,19,VU,0,100,1841,DW,29,652467,Telatrygon zugei,508,2.048386989,4.231475614,-13.05226154,-4.347311715,-6.082016603,15.04166135,22610.07713,None,Rhombus
Chondrichthyes,TORPEDINIFORMES,NARKIDAE,Temera,Temera hardwickii,0,VU,0,20,1831,TL,15,106129,Temera hardwickii,104,2.014738513,4.397454557,0.611797541,0.930529606,0.412535527,1.187588792,4454.016046,None,Spade
Chondrichthyes,TORPEDINIFORMES,TORPEDINIDAE,Tetronarce,Tetronarce californica,1083,LC,3,274,1855,TL,137,429930,Tetronarce californica,107,0.378869306,3.936935399,-23.06632988,7.429268713,-1.259547618,24.26594461,24461.77388,Mottled,Spade
Chondrichthyes,TORPEDINIFORMES,TORPEDINIDAE,Tetronarce,Tetronarce cowleyi,1,LC,110,455,2015,TL,113,272226,Tetronarce cowleyi,108,0.065548777,1.059578332,-15.34141255,8.941358735,-2.489795082,17.93058601,397.8645233,None,Spade
Chondrichthyes,TORPEDINIFORMES,TORPEDINIDAE,Tetronarce,Tetronarce formosa,1,NT,1,340,2006,TL,89,176850,Tetronarce formosa,109,0.129971097,1.415909424,-13.71564958,6.963625203,-0.895636819,15.40822133,20139.26561,None,Spade
Chondrichthyes,TORPEDINIFORMES,TORPEDINIDAE,Tetronarce,Tetronarce nobiliana,49,LC,0,925,1865,TL,180,5180603,Tetronarce nobiliana,110,1.145203614,5.600068328,-10.15131822,0.24479786,3.325858053,10.68506057,21016.18676,None,Spade
Chondrichthyes,TORPEDINIFORMES,TORPEDINIDAE,Tetronarce,Tetronarce occidentalis,1,LC,0,530,1843,TL,154,778866,Tetronarce occidentalis,111,0.143373456,1.491313055,-11.39814144,4.095186415,-4.350029475,12.86899128,24390.27793,None,Spade
Chondrichthyes,TORPEDINIFORMES,TORPEDINIDAE,Tetronarce,Tetronarce puelcha,5,CR,10,600,1926,TL,120,864240,Tetronarce puelcha,112,1.095463887,2.025288927,3.098591318,-2.577527683,0.824114629,4.113888919,2534.86601,None,Spade
Chondrichthyes,TORPEDINIFORMES,TORPEDINIDAE,Tetronarce,Tetronarce tokionis,2,LC,200,1100,1908,TL,114,207007,Tetronarce tokionis,113,3.074089895,4.945944933,0.178626096,-4.662815007,5.064906807,6.886728689,19745.54813,None,Spade
Chondrichthyes,TORPEDINIFORMES,TORPEDINIDAE,Tetronarce,Tetronarce tremens,8,LC,0,700,1959,TL,90,243060,Tetronarce tremens,114,0.016731021,0.730440498,-12.63426606,5.912258339,-5.323915974,14.93062486,1070.416733,None,Spade
Chondrichthyes,TORPEDINIFORMES,TORPEDINIDAE,Torpedo,Torpedo adenensis,0,EN,26,230,2002,TL,40.7,10600,Torpedo adenensis,115,1.452173338,1.905350485,0.017842194,3.875464491,3.341145741,5.116912958,29.08002716,None,Spade
Chondrichthyes,TORPEDINIFORMES,TORPEDINIDAE,Torpedo,Torpedo andersoni,1,LC,11,229,1962,TL,31,270726,Torpedo andersoni,116,0.841897951,1.107522639,19.2106804,4.218919198,2.205250483,19.79173187,22759.07109,Spotted,Spade
Chondrichthyes,TORPEDINIFORMES,TORPEDINIDAE,Torpedo,Torpedo bauchotae,1,EN,0,60,1978,TL,60,191828,Torpedo bauchotae,117,2.870095278,8.899871483,-14.65983486,0.015675218,2.449292749,14.86304271,842.0156946,Spotted,Spade
Chondrichthyes,TORPEDINIFORMES,TORPEDINIDAE,Torpedo,Torpedo fuscomaculata,9,DD,0,440,1855,TL,65,304022,Torpedo fuscomaculata,118,2.927885318,6.544214808,-11.58018776,3.176104002,0.491100539,12.01788521,493.7503938,Mottled,Spade
Chondrichthyes,TORPEDINIFORMES,TORPEDINIDAE,Torpedo,Torpedo mackayana,0,EN,15,50,1919,TL,50,62616,Torpedo mackayana,119,1.968188546,4.652888154,-0.045851936,3.070800279,0.062707268,3.0717827,840.2028043,Spotted,Spade
Chondrichthyes,TORPEDINIFORMES,TORPEDINIDAE,Torpedo,Torpedo marmorata,822,VU,0,370,1810,TL,100,1192330,Torpedo marmorata,120,4.785643156,11.13664822,-9.652002296,-11.14712905,3.824839783,15.23315574,20356.66258,Mottled,Spade
Chondrichthyes,TORPEDINIFORMES,TORPEDINIDAE,Torpedo,Torpedo panthera,2,EN,0,350,1831,TL,NA,411708,Torpedo panthera,121,0.244082009,3.409679836,-6.133297973,5.072770265,0.491340027,7.974444006,5374.353663,Mottled,Spade
Chondrichthyes,TORPEDINIFORMES,TORPEDINIDAE,Torpedo,Torpedo sinuspersici,8,DD,0,150,1831,TL,80,709336,Torpedo sinuspersici,122,1.333006758,4.590147119,-8.038660792,3.703436074,-5.893692094,10.63349014,6158.151888,Spotted,Spade
Chondrichthyes,TORPEDINIFORMES,TORPEDINIDAE,Torpedo,Torpedo suessii,1,CR,NA,NA,1898,TL,29,NA,Torpedo suessi,123,2.710325552,4.47473456,-8.074164754,0.904917067,-1.748216552,8.310672204,29.08002716,Other,Spade
Chondrichthyes,TORPEDINIFORMES,TORPEDINIDAE,Torpedo,Torpedo torpedo,113,VU,0,320,1758,TL,60,1178270,Torpedo torpedo,124,3.311986285,4.486007736,15.79485303,-1.68973247,5.193770707,16.71250526,9837.45299,Spotted,Spade
Chondrichthyes,MYLIOBATIFORMES,UROLOPHIDAE,Trygonoptera,Trygonoptera galba,0,LC,100,210,2008,DW,39,122344,Trygonoptera galba,567,2.537967569,4.383653345,12.57928145,-5.571562059,4.55453811,14.49222008,1410.266438,None,Rhombus
Chondrichthyes,MYLIOBATIFORMES,UROLOPHIDAE,Trygonoptera,Trygonoptera imitata,1,LC,0,120,2008,DW,80,145984,Trygonoptera imitata,568,4.103151166,12.03523602,-7.775303498,-12.80432278,-3.346442875,15.34942039,1410.266438,Mottled,Rhombus
Chondrichthyes,MYLIOBATIFORMES,UROLOPHIDAE,Trygonoptera,Trygonoptera mucosa,2,LC,0,95,1939,DW,47,116117,Trygonoptera mucosa,569,1.20519782,3.732016899,3.391376389,1.609691309,2.370951533,4.440039537,1410.266438,None,Rhombus
Chondrichthyes,MYLIOBATIFORMES,UROLOPHIDAE,Trygonoptera,Trygonoptera ovalis,0,LC,0,88,1987,DW,61,76511,Trygonoptera ovalis,570,4.275898189,14.878076,-11.89210287,-9.591028846,1.598439667,15.36115081,1410.266438,Mottled,Disc
Chondrichthyes,MYLIOBATIFORMES,UROLOPHIDAE,Trygonoptera,Trygonoptera personata,3,LC,0,115,1987,DW,55,43980,Trygonoptera personata,571,3.717788022,11.20716014,-2.420140291,-6.604054574,3.247639968,7.747114379,1410.266438,Mottled,Disc
Chondrichthyes,MYLIOBATIFORMES,UROLOPHIDAE,Trygonoptera,Trygonoptera testacea,5,NT,0,135,1841,DW,52,49874,Trygonoptera testacea,572,1.943281372,9.317615905,0.483657188,-4.295620072,1.474115913,4.567197588,1410.266438,None,Rhombus
Chondrichthyes,RHINOPRISTIFORMES,TRYGONORRHINIDAE,Trygonorrhina,Trygonorrhina dumerilii,9,LC,30,205,1873,TL,146,829073,Trygonorrhina dumerilii,55,4.247095686,8.784643378,11.53750517,-2.452523962,3.358704257,12.26416706,1410.266438,Lined,Spade
Chondrichthyes,RHINOPRISTIFORMES,TRYGONORRHINIDAE,Trygonorrhina,Trygonorrhina fasciata,18,LC,0,100,1841,TL,120,115862,Trygonorrhina fasciata,56,3.259451286,9.511290096,11.3033898,3.5652351,0.283975359,11.85572285,1410.266438,Lined,Spade
Chondrichthyes,TORPEDINIFORMES,NARKIDAE,Typhlonarke,Typhlonarke aysoni,1,LC,50,800,1902,TL,45,756201,Typhlonarke aysoni,105,2.160295566,4.145062967,1.472392016,2.846332314,-1.141915395,3.401987163,213.0179479,None,Disc
Chondrichthyes,MYLIOBATIFORMES,UROTRYGONIDAE,Urobatis,Urobatis concentricus,3,LC,0,109,1916,DW,38,57051,Urobatis concentricus,549,5.314615421,9.071721107,1.007215865,-4.34800112,-4.720071367,6.496050435,1280.203193,Lined,Disc
Chondrichthyes,MYLIOBATIFORMES,UROTRYGONIDAE,Urobatis,Urobatis halleri,67,LC,15,91,1863,DW,33.3,968786,Urobatis halleri,550,1.152111127,12.22023806,-17.12475512,-1.978678743,-1.516589288,17.30527233,22999.92991,Spotted,Disc
Chondrichthyes,MYLIOBATIFORMES,UROTRYGONIDAE,Urobatis,Urobatis jamaicensis,43,LC,1,70,1816,DW,76,791780,Urobatis jamaicensis,551,5.190098713,8.023908704,1.039357476,-8.094325727,-5.654272085,9.92820053,32173.6776,Spotted,Disc
Chondrichthyes,MYLIOBATIFORMES,UROTRYGONIDAE,Urobatis,Urobatis maculatus,9,LC,0,30,1913,DW,42,18214,Urobatis maculatus,552,3.513433332,5.464385459,14.19430566,-9.995961653,-4.582078011,17.95530566,1280.203193,Spotted,Disc
Chondrichthyes,MYLIOBATIFORMES,UROTRYGONIDAE,Urobatis,Urobatis marmoratus,1,DD,NA,NA,1892,DW,38.5,NA,NA,NA,NA,NA,NA,NA,NA,NA,287.0713109,NA,NA
Chondrichthyes,MYLIOBATIFORMES,UROTRYGONIDAE,Urobatis,Urobatis pardalis,1,LC,1,53,2015,DW,38,2146,Urobatis pardalis,553,0.467003088,7.006979136,-1.182363915,-5.056728061,0.654264065,5.234170859,63.41891776,Spotted,Disc
Chondrichthyes,MYLIOBATIFORMES,UROTRYGONIDAE,Urobatis,Urobatis tumbesensis,6,VU,1,20,1979,DW,41,17732,Urobatis tumbesensis,554,1.011745557,6.356647719,-7.093742748,-2.177381437,-0.577255736,7.442808629,652.5700728,Mottled,Disc
Chondrichthyes,MYLIOBATIFORMES,DASYATIDAE,Urogymnus,Urogymnus acanthobothrium,1,DD,2,60,2016,DW,161,106482,Urogymnus acanthobothrium,509,1.184853722,1.165085331,28.26801124,-10.1701582,0.735388398,30.05084647,1434.696641,None,Rhombus
Chondrichthyes,MYLIOBATIFORMES,DASYATIDAE,Urogymnus,Urogymnus asperrimus,18,EN,0,130,1801,DW,115,5852435,Urogymnus asperrimus,510,1.199659304,3.891362333,10.14093751,1.633930626,-0.349458081,10.27766821,26834.93791,None,Disc
Chondrichthyes,MYLIOBATIFORMES,DASYATIDAE,Urogymnus,Urogymnus dalyensis,4,LC,0,6,2008,DW,124,61666,Urogymnus dalyensis,511,2.359867389,1.763096367,21.82589521,-8.414250713,1.657451751,23.45029772,1434.696641,None,Disc
Chondrichthyes,MYLIOBATIFORMES,DASYATIDAE,Urogymnus,Urogymnus granulatus,26,EN,0,85,1883,DW,141,2740637,Urogymnus granulatus,512,4.613696568,1.834405549,-0.866717025,0.751504523,-4.310722401,4.460749384,16684.70054,Spotted,Disc
Chondrichthyes,MYLIOBATIFORMES,DASYATIDAE,Urogymnus,Urogymnus lobistoma,2,EN,0,40,2006,DW,100,395064,Urogymnus lobistoma,513,1.037949953,3.535313834,3.996800042,-0.092200465,-1.870414749,4.413769685,2707.155399,None,Rhombus
Chondrichthyes,MYLIOBATIFORMES,DASYATIDAE,Urogymnus,Urogymnus polylepis,22,EN,NA,NA,1852,DW,223,856603,Urogymnus polylepis,514,1.791701197,4.691321596,7.8357986,-4.234798426,-0.302351309,8.912052161,5559.361213,None,Disc
Chondrichthyes,MYLIOBATIFORMES,UROLOPHIDAE,Urolophus,Urolophus aurantiacus,5,VU,10,205,1841,DW,40,237624,Urolophus aurantiacus,573,4.977355964,10.07386986,8.817609696,-9.326685016,6.125165642,14.22163662,21396.97106,None,Rhombus
Chondrichthyes,MYLIOBATIFORMES,UROLOPHIDAE,Urolophus,Urolophus bucculentus,1,VU,65,265,1884,DW,89,416264,Urolophus bucculentus,574,4.429780538,10.65671941,9.414021132,-17.74536716,5.917198952,20.9412295,1410.266438,Mottled,Rhombus
Chondrichthyes,MYLIOBATIFORMES,UROLOPHIDAE,Urolophus,Urolophus circularis,0,LC,0,120,1966,DW,60,45618,Urolophus circularis,575,3.811313281,10.00890409,-2.064049695,-1.157048298,-1.056885531,2.591537947,1410.266438,Spotted,Disc
Chondrichthyes,MYLIOBATIFORMES,UROLOPHIDAE,Urolophus,Urolophus cruciatus,9,LC,0,210,1804,DW,50,111118,Urolophus cruciatus,576,3.265361894,14.20225784,6.33600415,-12.65170169,4.521652029,14.85448893,1410.266438,Lined,Rhombus
Chondrichthyes,MYLIOBATIFORMES,UROLOPHIDAE,Urolophus,Urolophus deforgesi,1,LC,203,330,2003,DW,34,37222,Urolophus deforgesi,577,1.283813177,4.625501086,17.9407918,1.209697665,-1.880385811,18.07958046,9.465142396,None,Rhombus
Chondrichthyes,MYLIOBATIFORMES,UROLOPHIDAE,Urolophus,Urolophus expansus,4,LC,130,420,1916,DW,52,200632,Urolophus expansus,578,4.175585526,7.901459135,2.966066552,-12.208551,-3.410522002,13.01836889,1410.266438,None,Rhombus
Chondrichthyes,MYLIOBATIFORMES,UROLOPHIDAE,Urolophus,Urolophus flavomosaicus,0,LC,60,320,1987,DW,59,229247,Urolophus flavomosaicus,579,5.816390694,10.2052123,14.95443358,-11.33837957,4.83831116,19.38048477,1410.266438,Spotted,Rhombus
Chondrichthyes,MYLIOBATIFORMES,UROLOPHIDAE,Urolophus,Urolophus gigas,0,LC,0,50,1954,DW,80,149299,Urolophus gigas,580,2.044686626,22.89880125,-8.399637636,-1.612534608,15.23347603,17.47034551,1410.266438,Spotted,Disc
Chondrichthyes,MYLIOBATIFORMES,UROLOPHIDAE,Urolophus,Urolophus javanicus,0,EX,NA,NA,1864,DW,34,NA,Urolophus javanicus,581,2.341761717,4.028279915,12.4013838,-6.67189908,0.680768475,14.09865254,1089.077357,None,Disc
Chondrichthyes,MYLIOBATIFORMES,UROLOPHIDAE,Urolophus,Urolophus kaianus,0,DD,NA,NA,1880,DW,23.5,NA,Urolophus kaianus,582,2.162313361,5.347612582,14.37936009,-5.608783649,2.768659844,15.68087778,1089.077357,None,Rhombus
Chondrichthyes,MYLIOBATIFORMES,UROLOPHIDAE,Urolophus,Urolophus kapalensis,3,NT,10,130,2006,DW,52,16969,Urolophus kapalensis,583,3.786110199,10.63342404,8.283767962,-10.58922952,-2.632500189,13.69973178,1410.266438,Mottled,Rhombus
Chondrichthyes,MYLIOBATIFORMES,UROLOPHIDAE,Urolophus,Urolophus lobatus,4,LC,0,30,1966,DW,43,18154,Urolophus lobatus,584,1.956799987,4.105454081,25.65418825,-15.72720269,2.149883375,30.16793459,1410.266438,None,Rhombus
Chondrichthyes,MYLIOBATIFORMES,UROLOPHIDAE,Urolophus,Urolophus mitosis,0,LC,100,200,1987,DW,33,2812,Urolophus mitosis,585,3.8271891,5.808570766,14.04144068,-11.99049761,-3.697313539,18.83093776,1410.266438,Spotted,Rhombus
Chondrichthyes,MYLIOBATIFORMES,UROLOPHIDAE,Urolophus,Urolophus neocaledoniensis,0,LC,229,428,2003,DW,37,57879,Urolophus neocaledoniensis,586,1.291552606,3.708337367,18.8618658,-6.369731134,2.072812998,20.01599385,9.465142396,None,Rhombus
Chondrichthyes,MYLIOBATIFORMES,UROLOPHIDAE,Urolophus,Urolophus orarius,0,EN,5,50,1987,DW,31,38375,Urolophus orarius,587,2.492633543,7.413334817,10.38794093,-8.535760515,1.867650983,13.57411671,1410.266438,None,Rhombus
Chondrichthyes,MYLIOBATIFORMES,UROLOPHIDAE,Urolophus,Urolophus papilio,0,LC,330,330,2003,DW,31,41332,Urolophus papilio,588,2.774593705,5.954857378,5.965585281,-8.318083345,1.385757767,10.32952288,9.465142396,None,Rhombus
Chondrichthyes,MYLIOBATIFORMES,UROLOPHIDAE,Urolophus,Urolophus paucimaculatus,9,LC,0,206,1969,DW,57,436840,Urolophus paucimaculatus,589,2.505803729,8.08141066,8.950715259,1.170144508,-2.157145492,9.281046196,1410.266438,None,Rhombus
Chondrichthyes,MYLIOBATIFORMES,UROLOPHIDAE,Urolophus,Urolophus piperatus,0,LC,123,370,2003,DW,48,31888,Urolophus piperatus,590,1.467957637,4.083415833,15.99557798,-0.790695518,2.941412759,16.2829857,1410.266438,None,Rhombus
Chondrichthyes,MYLIOBATIFORMES,UROLOPHIDAE,Urolophus,Urolophus sufflavus,3,VU,45,320,1929,DW,42,35582,Urolophus sufflavus,591,3.11240623,7.188504021,13.45784911,-6.616403412,1.497850479,15.07096722,1410.266438,None,Rhombus
Chondrichthyes,MYLIOBATIFORMES,UROLOPHIDAE,Urolophus,Urolophus viridis,2,VU,20,330,1916,DW,51,394258,Urolophus viridis,592,3.569185725,4.116121642,0.713539516,-12.41705154,-1.833414044,12.57194156,1410.266438,None,Rhombus
Chondrichthyes,MYLIOBATIFORMES,UROLOPHIDAE,Urolophus,Urolophus westraliensis,0,LC,60,220,1987,DW,36,150783,Urolophus westraliensis,593,5.189087733,5.912930529,29.83274917,-6.257239966,0.851353269,30.4937826,1410.266438,None,Rhombus
Chondrichthyes,MYLIOBATIFORMES,UROTRYGONIDAE,Urotrygon,Urotrygon aspidura,8,NT,5,100,1882,DW,42,74985,Urotrygon aspidura,555,1.834661665,5.916172703,8.039718103,-5.474961813,1.900530263,9.910816784,2205.456483,None,Rhombus
Chondrichthyes,MYLIOBATIFORMES,UROTRYGONIDAE,Urotrygon,Urotrygon chilensis,17,NT,1,60,1872,DW,43,101389,Urotrygon chilensis,556,1.10743259,2.517097009,-5.278980017,-5.315765574,3.459245933,8.25174988,2492.527794,Spotted,Rhombus
Chondrichthyes,MYLIOBATIFORMES,UROTRYGONIDAE,Urotrygon,Urotrygon cimar,4,NT,1,85,1998,DW,38,43786,Urotrygon cimar,557,2.667606417,5.389902308,-6.250075301,-7.42143385,0.617030111,9.722234713,1485.529978,Mottled,Disc
Chondrichthyes,MYLIOBATIFORMES,UROTRYGONIDAE,Urotrygon,Urotrygon microphthalmum,7,CR,8,55,1941,DW,30,230299,Urotrygon microphthalmum,558,5.50108393,5.687440444,10.59983983,-0.683000556,-4.488400042,11.53121109,4680.343227,None,Disc
Chondrichthyes,MYLIOBATIFORMES,UROTRYGONIDAE,Urotrygon,Urotrygon munda,5,NT,5,50,1863,DW,25,37376,Urotrygon munda,559,4.517330439,8.23437941,7.308177004,-11.07072188,-1.855434053,13.39451267,2205.456483,Mottled,Disc
Chondrichthyes,MYLIOBATIFORMES,UROTRYGONIDAE,Urotrygon,Urotrygon nana,4,NT,2,15,1988,DW,26,8786,Urotrygon nana,560,1.399627284,2.478902695,-1.558565815,-9.041548106,9.098647645,12.92145923,1552.88641,None,Disc
Chondrichthyes,MYLIOBATIFORMES,UROTRYGONIDAE,Urotrygon,Urotrygon reticulata,0,CR,1,15,1988,DW,24,3922,Urotrygon reticulata,561,3.985802703,9.28306049,20.53420378,-21.24371274,2.28825045,29.63418542,67.35643185,Spotted,Disc
Chondrichthyes,MYLIOBATIFORMES,UROTRYGONIDAE,Urotrygon,Urotrygon rogersi,15,NT,1,30,1895,DW,46,39083,Urotrygon rogersi,562,2.775997404,3.922883327,14.62081275,-2.497982304,-0.084897272,14.83291234,1980.993595,None,Rhombus
Chondrichthyes,MYLIOBATIFORMES,UROTRYGONIDAE,Urotrygon,Urotrygon simulatrix,2,VU,2,18,1988,DW,27,1431,Urotrygon simulatrix,563,1.622560331,4.271778542,-3.642653274,8.132173378,-2.597601554,9.28163243,1731.75671,None,Disc
Chondrichthyes,MYLIOBATIFORMES,UROTRYGONIDAE,Urotrygon,Urotrygon venezuelae,4,EN,2,40,1949,DW,36,1237,Urotrygon venezuelae,564,2.790269172,5.284242911,13.99080853,-10.34717171,-1.974780076,17.51303634,320.7781672,None,Disc
Chondrichthyes,MYLIOBATIFORMES,ZANOBATIDAE,Zanobatus,Zanobatus maculatus,1,NT,0,30,2016,DW,35.8,58642,Zanobatus maculatus,66,2.330316045,6.819822274,-2.248539311,-5.149434179,2.890303035,6.318738247,790.8129551,Other,Disc
Chondrichthyes,MYLIOBATIFORMES,ZANOBATIDAE,Zanobatus,Zanobatus schoenleinii,6,VU,0,60,1841,DW,100,212255,Zanobatus schoenleinii,65,1.920488284,10.94965231,-1.715886854,-5.56012967,2.617603701,6.380529663,978.2241603,Other,Disc
Chondrichthyes,RHINOPRISTIFORMES,TRYGONORRHINIDAE,Zapteryx,Zapteryx brevirostris,44,EN,2,140,1841,TL,66,546892,Zapteryx brevirostris,57,1.378778327,6.662254789,11.2714299,-3.195423743,0.306936318,11.71964483,2534.86601,Mottled,Spade
Chondrichthyes,RHINOPRISTIFORMES,TRYGONORRHINIDAE,Zapteryx,Zapteryx exasperata,16,DD,0,200,1880,TL,97,419938,Zapteryx exasperata,58,2.333831458,6.271036211,3.381105417,2.714401756,-3.035577232,5.29288011,23628.02499,Mottled,Spade
Chondrichthyes,RHINOPRISTIFORMES,TRYGONORRHINIDAE,Zapteryx,Zapteryx xyster,12,VU,1,150,1896,TL,78,177349,Zapteryx xyster,59,5.65945972,9.369070577,0.028442627,-6.445318989,0.869974185,6.503829713,2205.456483,Other,Spade